ID,RiskScore
0.0,35.66753578413985
1.0,50.446721246829895
2.0,33.47266537288006
3.0,35.37584518643157
4.0,35.73049768317856
5.0,71.5415385563565
6.0,29.772711526148452
7.0,29.300579722632385
8.0,37.53053830511772
9.0,59.63758428229092
10.0,34.52646100939901
11.0,31.918419312095832
12.0,64.99154838586612
13.0,34.87825491245271
14.0,33.168697601388374
15.0,54.23979292260054
16.0,19.453871115049306
17.0,36.5422736195709
18.0,66.21777684260218
19.0,69.86006957767978
20.0,72.43254883131102
21.0,32.84151127460566
22.0,61.88189580283911
23.0,45.05035760068269
24.0,48.44636730941945
25.0,28.05396040306594
26.0,34.14332406172824
27.0,27.673643815619275
28.0,52.854778913516675
29.0,68.20826865385197
30.0,31.689784530923323
31.0,65.12200244437975
32.0,37.097477784020604
33.0,34.1787080294426
34.0,36.68693273057241
35.0,36.31846933187968
36.0,71.10444209798067
37.0,54.43834576446891
38.0,49.27575115655808
39.0,69.56751091196932
40.0,72.32603906432428
41.0,49.01462440697012
42.0,74.93487349713537
43.0,21.558613564271695
44.0,52.63691225464704
45.0,29.184298398961
46.0,42.085344435046174
47.0,68.77071806944653
48.0,27.384178743139273
49.0,32.65805822751566
50.0,62.313006993590854
51.0,54.74472354079451
52.0,43.54830803010518
53.0,33.53450160681732
54.0,31.534538284348088
55.0,40.701753752381975
56.0,67.35306733308451
57.0,36.49880848288132
58.0,41.30848491812079
59.0,63.02795130438063
60.0,66.36638624151007
61.0,45.21733232097066
62.0,35.063595061855814
63.0,83.91109258564565
64.0,27.693627414351994
65.0,34.904197681036706
66.0,55.01948985334922
67.0,65.03720009221064
68.0,38.84534115748403
69.0,70.03760410604248
70.0,35.227005163833645
71.0,41.020997840061206
72.0,48.73568654919517
73.0,48.74069674534031
74.0,47.188150857730044
75.0,67.85605804475944
76.0,69.4616271978413
77.0,22.061708593320343
78.0,51.47483724503952
79.0,53.44990925635363
80.0,74.95510772108248
81.0,51.42233117659069
82.0,59.139169828050825
83.0,37.544333505446346
84.0,69.7399657456591
85.0,74.34259045477886
86.0,60.08188394654115
87.0,18.854378776063314
88.0,41.42545962942024
89.0,73.57547079412848
90.0,36.78894781401838
91.0,46.4064757009378
92.0,40.17462339641124
93.0,29.120522168128172
94.0,40.723974316238674
95.0,39.617919382300606
96.0,38.163350534634425
97.0,68.00446216150637
98.0,42.56422831387976
99.0,57.25405693160989
100.0,34.47224133671624
101.0,33.06349396821713
102.0,69.38556457126333
103.0,74.23037735913037
104.0,28.89669984366391
105.0,82.08330699545768
106.0,72.73833085593269
107.0,73.02963415771204
108.0,41.11245036250785
109.0,72.38033731731647
110.0,51.96692454385767
111.0,66.53394256327888
112.0,76.16852036739178
113.0,63.69880362797848
114.0,69.02753270469847
115.0,34.804223603821086
116.0,72.88524335637322
117.0,58.07978595340539
118.0,43.77583402766416
119.0,47.60581065121977
120.0,30.065970109071067
121.0,74.92435803567714
122.0,34.16262796344712
123.0,48.63873011368793
124.0,37.84520222128287
125.0,62.575048559918365
126.0,20.61938881921298
127.0,28.294376834285682
128.0,38.419590271317574
129.0,66.25204838785875
130.0,28.955617059289295
131.0,70.39554206902588
132.0,71.38360252414509
133.0,77.31891519716122
134.0,21.865579476031098
135.0,40.91391979899334
136.0,18.645840195384466
137.0,40.45928382034087
138.0,31.476198767899707
139.0,47.75837964945709
140.0,38.89766683432174
141.0,37.06256151735361
142.0,22.01211852348736
143.0,23.957457926879453
144.0,68.1349709240479
145.0,30.16593675734294
146.0,47.51280259511111
147.0,65.80301446851078
148.0,68.41822726751226
149.0,73.22127064172763
150.0,43.310109806785476
151.0,36.93358880436198
152.0,74.54417239542617
153.0,54.05574677173626
154.0,64.70060498788854
155.0,33.153316819032355
156.0,68.62119593700798
157.0,66.13529777257116
158.0,69.25029072443388
159.0,73.07603744413761
160.0,37.37324558912033
161.0,39.04323261711631
162.0,72.55240081226108
163.0,42.556628312994086
164.0,42.997187135546966
165.0,48.79263922853865
166.0,37.906494564159296
167.0,33.930012516766986
168.0,35.3597826803553
169.0,28.65408287503196
170.0,38.403797108590965
171.0,50.048542919760564
172.0,61.98087024857491
173.0,47.11736077952425
174.0,37.04942909710107
175.0,55.40967305570134
176.0,51.58991924383858
177.0,42.06721940380054
178.0,48.32314504797922
179.0,71.61537243387055
180.0,48.196972753984845
181.0,30.640408668062992
182.0,64.25884532612756
183.0,70.13685475828892
184.0,73.17095041296527
185.0,67.62429549001834
186.0,69.39789957901691
187.0,57.98641232119066
188.0,31.844135805844083
189.0,12.33261760609109
190.0,28.680699488398528
191.0,74.66063865110135
192.0,50.63513082168913
193.0,26.884468919523353
194.0,67.95090903581806
195.0,24.925701717974086
196.0,34.54064721920155
197.0,58.61406004290152
198.0,66.89385868838765
199.0,37.10044761099716
200.0,30.02697470607939
201.0,56.10564091308755
202.0,33.91888323401545
203.0,34.118011632026594
204.0,74.00564192635193
205.0,60.92019929417351
206.0,69.52220877320424
207.0,38.946883793829116
208.0,57.36880508299534
209.0,60.23767995617382
210.0,33.48200857684368
211.0,29.488952774692123
212.0,73.41291972909264
213.0,65.4585643183297
214.0,41.88620710120044
215.0,62.82163408425418
216.0,62.67766180552994
217.0,64.09536155963947
218.0,50.94937041263998
219.0,33.905801283597825
220.0,30.3752409128716
221.0,36.806212425168944
222.0,31.019705006011502
223.0,51.07768243281966
224.0,28.678494686817572
225.0,65.60908504744596
226.0,56.44700693578737
227.0,34.66848031834968
228.0,40.10174751291354
229.0,40.31999190411297
230.0,49.2882321467952
231.0,46.74824032593813
232.0,41.399269596685876
233.0,46.20003119762242
234.0,73.22138228340539
235.0,61.22872953801255
236.0,29.199502056827637
237.0,49.626506285242854
238.0,62.986514666804524
239.0,29.77685402571611
240.0,64.5153700206026
241.0,67.73232523735959
242.0,39.59160750792871
243.0,66.71739654429214
244.0,67.60132990519364
245.0,67.01909652455146
246.0,17.493316981511526
247.0,43.090905265160224
248.0,77.92758453140465
249.0,19.387996596942052
250.0,60.60791453053465
251.0,32.092577381370354
252.0,39.415657378632055
253.0,68.64476626442568
254.0,57.05953606692459
255.0,32.736769784342734
256.0,48.30902248900553
257.0,68.77680473706154
258.0,59.90574472456764
259.0,38.009182723387646
260.0,46.363974209897556
261.0,42.348379296760676
262.0,26.101918091282155
263.0,76.32030867487902
264.0,57.156449447944944
265.0,27.901441653399104
266.0,45.80700507624214
267.0,28.139014153527157
268.0,66.37402305353687
269.0,72.77971793634556
270.0,55.91182034338463
271.0,77.92853848202593
272.0,31.57833586496995
273.0,46.735824612985574
274.0,29.370777641467996
275.0,46.40213298892369
276.0,63.28163454611136
277.0,36.95144859492042
278.0,55.97654324334476
279.0,27.493957315731315
280.0,61.77700332439932
281.0,61.120607245418995
282.0,57.19689792916935
283.0,51.40837531646204
284.0,36.454867827657544
285.0,27.717000783117797
286.0,31.66356005544488
287.0,70.33825791523459
288.0,48.585962127101986
289.0,36.150222300157445
290.0,50.58695117329993
291.0,44.46650992061949
292.0,49.568673781540134
293.0,71.32525947650517
294.0,31.01551540094797
295.0,68.38051250786104
296.0,73.72212815761722
297.0,34.80998771202567
298.0,39.40620192964922
299.0,70.31604186048237
300.0,43.61711862911936
301.0,73.3133493507599
302.0,58.69415200908968
303.0,36.86315274130708
304.0,56.32068350761258
305.0,23.948826139053327
306.0,39.165374228578465
307.0,70.08342094242195
308.0,50.030751595197586
309.0,32.84990543248939
310.0,71.10731184002327
311.0,59.41626199216804
312.0,44.35004443735835
313.0,50.0794993660898
314.0,63.678867692218496
315.0,74.8938996821583
316.0,40.29582140648702
317.0,38.012190000888694
318.0,65.23225898461402
319.0,34.770206881427086
320.0,26.63177515610978
321.0,40.797174803710384
322.0,73.32976435825243
323.0,64.867701117443
324.0,91.0347048292061
325.0,38.7476656709986
326.0,72.64086221067845
327.0,31.72691306282852
328.0,43.6856874808977
329.0,28.220579009823275
330.0,39.193517815871694
331.0,72.71808332280816
332.0,22.921890225865212
333.0,67.29740347753491
334.0,58.686533905646165
335.0,59.68053489128521
336.0,53.479568780976805
337.0,30.64252588687963
338.0,40.24923110961215
339.0,43.835919342740695
340.0,72.74310619433315
341.0,77.01820278832193
342.0,71.27739870828457
343.0,59.2825546860924
344.0,35.721725140145175
345.0,31.46469346280662
346.0,36.25375324168272
347.0,40.64700874939593
348.0,40.66635958385132
349.0,26.75656669684081
350.0,47.88140682576412
351.0,33.8419693824954
352.0,52.42626163060256
353.0,25.37102157990332
354.0,30.87563680111744
355.0,32.66951823037254
356.0,20.475018953170462
357.0,24.338021000384074
358.0,32.13557341550701
359.0,66.39287647312594
360.0,32.27536535555574
361.0,24.945977867202288
362.0,35.027511214197226
363.0,60.43389123077638
364.0,48.32239802475879
365.0,46.60363584165408
366.0,48.75937245999748
367.0,34.12860696849664
368.0,63.71102788408021
369.0,51.568695654600496
370.0,37.445739033085715
371.0,26.204094995974923
372.0,35.88023453310001
373.0,70.69542305037042
374.0,55.56885334809594
375.0,38.74168756894498
376.0,24.01008863986058
377.0,62.89886226140834
378.0,59.922376031440116
379.0,67.79200783826747
380.0,35.646820177771374
381.0,30.663628874145036
382.0,68.00587545308267
383.0,66.61890881418083
384.0,42.46581334759761
385.0,62.785090172310596
386.0,25.097333526007148
387.0,40.43322932491808
388.0,52.083909848090464
389.0,35.97412084255434
390.0,68.8795430785033
391.0,69.14819161797892
392.0,57.4437768308241
393.0,37.967392806840834
394.0,71.56388642039194
395.0,64.58233317411566
396.0,31.22153713933764
397.0,30.20602700798591
398.0,62.7409741229027
399.0,35.07419072714808
400.0,48.55590184659651
401.0,69.72074743174333
402.0,24.275964057771134
403.0,68.1091229583262
404.0,66.2486268417013
405.0,47.234396240786445
406.0,28.915179917146475
407.0,63.83347332022138
408.0,43.090926121676205
409.0,35.79416865831121
410.0,41.61527273389804
411.0,40.30491338627835
412.0,27.792780178438484
413.0,38.43391429987703
414.0,59.834607506631414
415.0,49.46765675154709
416.0,39.89646947072443
417.0,40.322045937256185
418.0,26.049906431253543
419.0,39.826964068459205
420.0,21.553358135354827
421.0,42.73758207699534
422.0,32.36837276367687
423.0,55.02429931084744
424.0,24.25422892249775
425.0,49.73169641734909
426.0,32.12351343157111
427.0,37.99302606781996
428.0,51.43527563207977
429.0,32.78343768735112
430.0,64.99487275407783
431.0,32.985412842819564
432.0,69.95336402393589
433.0,64.24590842711883
434.0,69.76613046037298
435.0,58.200196770024085
436.0,26.118793561755677
437.0,69.14079938474453
438.0,41.98913849569788
439.0,45.44462785292373
440.0,71.71941819885399
441.0,34.496160052634444
442.0,69.13778987174409
443.0,59.88491230327688
444.0,68.53254244783663
445.0,71.5338794490178
446.0,67.70763976105405
447.0,54.15052297233034
448.0,60.439882731860145
449.0,72.19750498811008
450.0,65.52795323370087
451.0,73.90644566484065
452.0,26.35129006228137
453.0,53.870657178403526
454.0,59.91311095172481
455.0,47.687027852969926
456.0,43.901635619669754
457.0,52.86274715192238
458.0,41.00112177612227
459.0,55.28629025601338
460.0,36.66157538137118
461.0,39.20593690621613
462.0,25.522455564788057
463.0,46.429642309886745
464.0,23.88825411163128
465.0,52.77042831144515
466.0,27.884777188408535
467.0,64.60533538504069
468.0,44.60445699174705
469.0,72.07519487044385
470.0,53.40671294816769
471.0,67.9589155779301
472.0,37.10275505206159
473.0,32.06242181916839
474.0,25.937310548671547
475.0,65.49688783848458
476.0,27.55264048496893
477.0,74.50055475811165
478.0,27.717994944515613
479.0,58.533799155357336
480.0,56.57086919368694
481.0,42.76210015002625
482.0,70.82147165187665
483.0,41.39762553317998
484.0,31.788992460680415
485.0,60.63665515110778
486.0,70.05455537502141
487.0,40.411212839684126
488.0,73.89347628101548
489.0,22.55482685752863
490.0,70.2468122727328
491.0,34.77717068079053
492.0,66.48424077804977
493.0,34.521163997430875
494.0,70.67192834347786
495.0,32.76785816996332
496.0,81.71672589030022
497.0,70.80617274857816
498.0,39.208094806742686
499.0,29.215849290497644
500.0,54.51183839193678
501.0,45.6540498683317
502.0,70.46593972095982
503.0,26.35415411444261
504.0,42.58957949807868
505.0,52.00892468974478
506.0,41.70340229776247
507.0,73.1006090279591
508.0,26.2750880717812
509.0,72.2147332486226
510.0,37.00607965334523
511.0,65.01701337601679
512.0,25.785875638808314
513.0,81.42883966172886
514.0,60.498014156982535
515.0,34.222285994542084
516.0,47.98770417925552
517.0,52.9603273367329
518.0,40.30253439908114
519.0,48.17635807570016
520.0,63.68402493600566
521.0,72.44349586197961
522.0,70.24152772004457
523.0,30.09519298606219
524.0,37.57273727029909
525.0,69.40068832592128
526.0,42.35971140655398
527.0,54.76323449800011
528.0,25.074656113329635
529.0,40.598073400476366
530.0,29.60379520115921
531.0,26.034890216803166
532.0,39.230676629128624
533.0,59.01277955962667
534.0,55.325577328576905
535.0,33.66399410075846
536.0,54.59390518566067
537.0,75.40756472849172
538.0,67.7823516202144
539.0,74.84466683716974
540.0,66.06166874131279
541.0,37.9199685364074
542.0,75.98583519138562
543.0,44.03688155412829
544.0,63.95707609719714
545.0,75.85943379674956
546.0,70.85240838490105
547.0,66.33539344513208
548.0,62.57430771921703
549.0,61.195791782621235
550.0,44.54824308992654
551.0,37.094755822141785
552.0,61.059890099688545
553.0,32.94792428699017
554.0,74.77615489437495
555.0,48.323096773781245
556.0,38.877447236809466
557.0,36.41037869841219
558.0,69.57355315113686
559.0,45.528375654437355
560.0,40.18608747739499
561.0,65.80969809406696
562.0,72.27192533736047
563.0,61.990408850084826
564.0,31.52149063973973
565.0,71.81667406680401
566.0,60.36826861935373
567.0,46.64110853074745
568.0,52.19130951918258
569.0,34.43429437212125
570.0,73.1300186738851
571.0,32.44838688085669
572.0,72.48546864187996
573.0,53.35123509685363
574.0,47.67181729872532
575.0,42.05667433862244
576.0,39.68131730105929
577.0,26.7097030993588
578.0,53.39600404315769
579.0,31.165588279004062
580.0,29.39333223260158
581.0,27.081414756533587
582.0,72.95035660376466
583.0,43.75198960330064
584.0,37.939396956342115
585.0,31.60456854007495
586.0,69.57823162184103
587.0,41.46234045395454
588.0,49.72164453224125
589.0,35.20612922180256
590.0,65.69965608167108
591.0,44.916292553874825
592.0,77.24712725917884
593.0,59.5116063978799
594.0,65.05471354423767
595.0,31.770561559334812
596.0,66.4826333951223
597.0,43.19352976926618
598.0,46.98289158911869
599.0,56.57716417835231
600.0,37.96727712143348
601.0,64.07176771258794
602.0,60.288865821465855
603.0,67.54744934061644
604.0,67.31184800947348
605.0,38.94037181663923
606.0,42.01428091370723
607.0,64.74995400249333
608.0,34.087574020013164
609.0,30.004886087393373
610.0,63.11674138982462
611.0,46.94970462242272
612.0,40.63038192739082
613.0,43.07113692897369
614.0,37.50364179158783
615.0,38.532435759074026
616.0,30.192120362546852
617.0,31.37447424537763
618.0,51.4239518620969
619.0,33.809751453226646
620.0,38.03295433966572
621.0,52.097823266048835
622.0,65.33267433168314
623.0,67.16020981723327
624.0,34.683155375347205
625.0,75.24288476022599
626.0,48.71186218190026
627.0,63.856470360725076
628.0,78.7261884368447
629.0,33.714033863547925
630.0,37.51613235828965
631.0,39.246990923263354
632.0,73.3664177855542
633.0,34.10615618594445
634.0,31.753871365182054
635.0,46.05776586636978
636.0,34.70270766058691
637.0,62.95353304426555
638.0,33.23902549538388
639.0,76.70833376556936
640.0,72.33928441973316
641.0,43.10253162457739
642.0,37.46252262701502
643.0,68.30746321700755
644.0,62.53602919006254
645.0,30.297065905059842
646.0,71.25392198704377
647.0,58.1751665917291
648.0,55.16309011428046
649.0,81.08660370775007
650.0,30.85697286873633
651.0,25.94578229548977
652.0,20.22305381287618
653.0,35.06648558628174
654.0,35.78485463665894
655.0,41.863742889437546
656.0,30.086214697047367
657.0,76.42311590485637
658.0,36.29971012460733
659.0,41.18279271045771
660.0,40.77333371143794
661.0,18.591205477415468
662.0,26.74315135849729
663.0,35.08588476456373
664.0,42.80255557942198
665.0,70.54556227375636
666.0,29.269008641901586
667.0,45.02014861186082
668.0,63.28882685071779
669.0,37.60590874923102
670.0,31.2798058261057
671.0,29.82082045901512
672.0,22.234847945311063
673.0,35.82716881338201
674.0,35.43124108955792
675.0,72.1338308715554
676.0,49.324152278607414
677.0,33.771235919428946
678.0,43.264573892662796
679.0,76.99792102311372
680.0,68.61937232825004
681.0,44.01001455821655
682.0,41.91780401970901
683.0,54.10478428539866
684.0,28.941160542651122
685.0,46.758622123800706
686.0,68.29933503082904
687.0,38.608206840344806
688.0,77.55093994482459
689.0,54.822219321200606
690.0,38.68963041025036
691.0,62.87149065549621
692.0,65.19632904914975
693.0,34.57561412461334
694.0,25.40055689120184
695.0,72.51092673842422
696.0,54.0635097004556
697.0,69.73267262883442
698.0,70.31316820814935
699.0,34.263317287303344
700.0,55.93166769019776
701.0,40.39328651346129
702.0,29.00768463962523
703.0,31.75015127165464
704.0,26.596705779215647
705.0,23.91369178021944
706.0,49.808040955875164
707.0,70.34835708197703
708.0,57.53185192982898
709.0,48.2171409690823
710.0,61.711532136445854
711.0,53.119780626917915
712.0,30.373525142525235
713.0,70.38716694009324
714.0,72.75706592185044
715.0,16.57951061478831
716.0,31.05955377597673
717.0,59.20200046824235
718.0,41.618791148318216
719.0,43.72216563813392
720.0,60.37236990578181
721.0,60.357465572995906
722.0,26.647133287319804
723.0,33.52440973709674
724.0,57.0121870144006
725.0,43.56127347482167
726.0,35.444869678165425
727.0,63.86557146589007
728.0,71.73604899466598
729.0,29.586353637190385
730.0,29.77324399388215
731.0,47.38824859880431
732.0,34.575001882816295
733.0,43.75643529324544
734.0,41.838811520305136
735.0,28.157173060840222
736.0,60.81030692661122
737.0,41.1982500159612
738.0,43.572893421935866
739.0,26.847584607782913
740.0,31.45732669694888
741.0,68.37468781417459
742.0,54.019519637069315
743.0,38.50395332180601
744.0,30.907082284330862
745.0,49.445636107329534
746.0,62.13408374653803
747.0,60.76323222799241
748.0,36.217515103653454
749.0,44.626154714104885
750.0,71.30159737046289
751.0,43.31745393562896
752.0,78.5837837569038
753.0,45.46588817837151
754.0,37.22068788904438
755.0,46.83919751159477
756.0,25.173415936825748
757.0,74.61595221584857
758.0,68.26069331072884
759.0,55.327735094905684
760.0,34.22132480804136
761.0,45.4340633694677
762.0,51.42994550881257
763.0,43.11689047168933
764.0,72.482451406152
765.0,70.00289972389307
766.0,26.32518279393837
767.0,91.07437276398966
768.0,32.41352252580208
769.0,40.082253054706094
770.0,34.099502768715034
771.0,73.38161852892652
772.0,59.19622763539481
773.0,23.747962686037308
774.0,31.46485767902793
775.0,43.789155903576194
776.0,38.85374333814357
777.0,31.33491954729101
778.0,36.236930741786416
779.0,32.875117378304715
780.0,45.462001486061155
781.0,48.393698931128085
782.0,71.98498205186286
783.0,74.10457117893375
784.0,35.71372580801492
785.0,27.679646291327916
786.0,54.382684792045445
787.0,69.41204617187113
788.0,58.95188862871618
789.0,47.35453100814478
790.0,67.17732613436645
791.0,28.334809402799447
792.0,35.83875719096126
793.0,37.73241657805048
794.0,74.7443591964682
795.0,39.156950788114074
796.0,48.086596564671126
797.0,30.519466560784732
798.0,73.65780957258666
799.0,68.74088596236257
800.0,67.49302984157147
801.0,51.56981847673428
802.0,30.088704106258863
803.0,53.12850687978901
804.0,65.95452746174236
805.0,66.3036826997541
806.0,66.50177591038606
807.0,55.827470511306736
808.0,67.47103544451944
809.0,47.116379736700885
810.0,74.95692205455619
811.0,49.96804767351696
812.0,25.736875789639253
813.0,75.40331734004047
814.0,48.55558710448117
815.0,74.99292741339407
816.0,19.972343581317954
817.0,50.05620749669334
818.0,70.93305285454517
819.0,31.952654765975623
820.0,34.56871463643058
821.0,49.647343076598474
822.0,45.140485934225026
823.0,60.273514491179675
824.0,76.19407928626838
825.0,86.78750494511254
826.0,54.13712978336216
827.0,40.77119233704058
828.0,24.884380057886414
829.0,40.884356734424934
830.0,34.622337803957365
831.0,67.18712946948908
832.0,45.40960344291507
833.0,50.06605792408026
834.0,34.52386027964611
835.0,59.796929849229905
836.0,30.296992851987763
837.0,37.34109689345628
838.0,35.15676558870157
839.0,51.37387316633447
840.0,64.02080775330123
841.0,70.26889313979801
842.0,63.9294025111518
843.0,56.418647184587805
844.0,84.53721031793512
845.0,36.313631471375146
846.0,47.38490772515049
847.0,28.505847106773476
848.0,62.57496674055943
849.0,47.89712590336678
850.0,33.495861931263484
851.0,60.89485280078734
852.0,46.85845969413536
853.0,33.21601688159468
854.0,34.575636924695004
855.0,30.925619810250694
856.0,57.925051280958016
857.0,22.01261663594196
858.0,35.192673002411645
859.0,61.99113645523749
860.0,30.85198324391518
861.0,42.22736580088336
862.0,48.32704186372252
863.0,23.435464920385105
864.0,28.158607296954727
865.0,42.3192423628651
866.0,77.19109693374344
867.0,32.95656780382729
868.0,44.19281788156212
869.0,63.52927011803601
870.0,31.033195239473393
871.0,29.57344088431454
872.0,54.525898713239805
873.0,48.545128824855546
874.0,22.351161862834704
875.0,69.32643731749059
876.0,28.266191295297173
877.0,32.50240390368246
878.0,41.64396870072865
879.0,24.81607158640057
880.0,32.26491623597098
881.0,26.209851849022638
882.0,72.09855948190409
883.0,32.90811771528129
884.0,49.60216441876063
885.0,27.154877666298685
886.0,53.92951356863276
887.0,59.087714275381025
888.0,71.92470436184233
889.0,61.28060306620396
890.0,29.66822307869983
891.0,32.30869211261247
892.0,74.77076995239142
893.0,30.34460213487383
894.0,42.164327942165215
895.0,20.89076097343153
896.0,55.16134173008784
897.0,43.18271765424349
898.0,45.12247755139432
899.0,72.50691014956767
900.0,27.688851207384737
901.0,71.0875650507535
902.0,77.13038206946753
903.0,75.04068481962194
904.0,56.2206243784616
905.0,74.96647584926026
906.0,47.84777613598338
907.0,70.70030494511754
908.0,49.391785520712496
909.0,56.82119698718241
910.0,50.627290032149496
911.0,74.37269557447414
912.0,74.64301343145958
913.0,66.64852640856674
914.0,28.04221080473303
915.0,41.97009515067589
916.0,57.180508170337596
917.0,49.42199809474106
918.0,26.223129150102217
919.0,40.667295863897714
920.0,25.327465937536854
921.0,28.782990629019995
922.0,45.7796629260241
923.0,36.286560330492456
924.0,68.85849952097321
925.0,78.83232979151597
926.0,56.79354607420015
927.0,42.10834095646252
928.0,39.41101592294149
929.0,27.044128568657207
930.0,34.98086633128699
931.0,27.900041216549223
932.0,28.512524748941633
933.0,57.31912967836987
934.0,35.58057956132133
935.0,47.89235755630643
936.0,68.40665244755333
937.0,23.059647902661478
938.0,62.82391234683635
939.0,56.751690496559654
940.0,58.88684132307527
941.0,41.51778562325671
942.0,44.225778808604815
943.0,60.945034893461965
944.0,27.81600474903135
945.0,67.47829199928931
946.0,37.547415422146635
947.0,53.62062581940117
948.0,53.70690043242532
949.0,43.39456190370954
950.0,32.01622543260583
951.0,46.668540480178144
952.0,50.84567625166055
953.0,53.29175683986375
954.0,44.83029913577272
955.0,89.73794510894494
956.0,65.45151590922684
957.0,46.90262690934785
958.0,51.009724915066656
959.0,33.33386512855418
960.0,35.454257242502806
961.0,47.20975234014006
962.0,30.61337403910385
963.0,68.92338885913573
964.0,53.865956420175806
965.0,35.918615035410376
966.0,32.42515975388002
967.0,69.65214930532599
968.0,24.202989255207488
969.0,22.32573764044761
970.0,61.18389475882972
971.0,37.875549505470346
972.0,28.770161964408512
973.0,40.820436235940775
974.0,35.42770504253026
975.0,35.49396695541641
976.0,60.68528876771503
977.0,69.07506698141744
978.0,68.22853982685938
979.0,27.790928215517752
980.0,50.12610804131079
981.0,34.32287464458241
982.0,67.84562751679296
983.0,31.221304108095108
984.0,49.321388531317645
985.0,41.48164624342038
986.0,30.207134262948543
987.0,74.17271066025326
988.0,28.773270928727264
989.0,72.9594314443223
990.0,38.80919103182125
991.0,51.029882805091354
992.0,38.5978875122542
993.0,31.330730374145336
994.0,71.54820754264696
995.0,17.401045053994515
996.0,48.8561271601187
997.0,27.48149017912663
998.0,75.0243909931087
999.0,33.806723306308726
1000.0,32.3819084044445
1001.0,62.24190997199787
1002.0,36.09855970161573
1003.0,63.43596663572319
1004.0,65.38530929116311
1005.0,23.954255395671264
1006.0,73.81618670507271
1007.0,38.04171551438652
1008.0,61.24631368169915
1009.0,32.6421356368626
1010.0,78.97021608075696
1011.0,29.509168421912825
1012.0,33.29832074872294
1013.0,72.58413913812826
1014.0,49.9528622800637
1015.0,73.34852639337034
1016.0,43.74358520113287
1017.0,51.36801512209834
1018.0,30.43059832246886
1019.0,71.97561316592088
1020.0,27.277748776963502
1021.0,42.67565841385036
1022.0,45.75156821792978
1023.0,65.182924201768
1024.0,65.27441230448238
1025.0,30.259261080913365
1026.0,32.651772627463444
1027.0,33.24271870742034
1028.0,18.95251897149106
1029.0,27.348238635667872
1030.0,60.58335643204281
1031.0,32.720451043120526
1032.0,39.816377016433336
1033.0,29.201985052648077
1034.0,29.800340677987993
1035.0,69.32861669411189
1036.0,70.42259066789521
1037.0,69.09300444688327
1038.0,50.46155338524446
1039.0,67.30625725422898
1040.0,50.715207532120516
1041.0,27.11152988972853
1042.0,68.12959862154284
1043.0,71.041822431277
1044.0,26.186421686234258
1045.0,65.21980272911908
1046.0,35.127647524524214
1047.0,38.149367098253556
1048.0,45.48451653123029
1049.0,30.76512875705044
1050.0,34.93654547694157
1051.0,68.63885502901493
1052.0,46.53370035646172
1053.0,53.07292888163655
1054.0,66.73589011054439
1055.0,42.51203381375595
1056.0,32.331458311303734
1057.0,29.395937266383356
1058.0,57.148854749305634
1059.0,31.07963901006949
1060.0,67.79083980926362
1061.0,52.87862130414992
1062.0,67.84370710253572
1063.0,54.39661275706396
1064.0,42.50893351883444
1065.0,53.58940223478449
1066.0,51.952975710652844
1067.0,50.322589407981475
1068.0,37.61072877032788
1069.0,37.57515071475792
1070.0,44.870323099232756
1071.0,22.16099299749526
1072.0,39.19628232122489
1073.0,32.74504295931591
1074.0,60.3913216112949
1075.0,39.32086684805524
1076.0,73.5308813666157
1077.0,43.527818352341534
1078.0,59.776212299256464
1079.0,51.23990448996118
1080.0,28.845864793020485
1081.0,32.05244311073565
1082.0,33.132414555825285
1083.0,70.22015375580712
1084.0,57.36347582535654
1085.0,25.512284828022313
1086.0,33.23875468539601
1087.0,61.73693024919081
1088.0,32.10329703165452
1089.0,41.169022383502536
1090.0,29.08970237225493
1091.0,72.16036773864761
1092.0,68.17385841662882
1093.0,22.384776263757352
1094.0,35.6158765237544
1095.0,73.5836097902538
1096.0,39.740436612088985
1097.0,71.72713238365874
1098.0,64.77699700981185
1099.0,77.58389669067546
1100.0,27.592193417833442
1101.0,25.5122321880808
1102.0,55.69737286241063
1103.0,26.834890448855663
1104.0,63.078949393386914
1105.0,42.941233282062946
1106.0,61.38024616430475
1107.0,58.626672984079995
1108.0,22.61283731257074
1109.0,55.87874603123059
1110.0,52.227680455231805
1111.0,48.98357709951273
1112.0,58.3167112952479
1113.0,33.14726177628289
1114.0,63.9400765770889
1115.0,54.70901256952659
1116.0,50.706721847530915
1117.0,34.79831691708119
1118.0,64.35040524308434
1119.0,43.08428799320971
1120.0,37.52512088422209
1121.0,35.49151379238951
1122.0,32.569492110128024
1123.0,39.08280415645412
1124.0,61.27419603171373
1125.0,27.458550256430804
1126.0,57.37591812124222
1127.0,52.77486756790678
1128.0,45.86804908570501
1129.0,42.01098460463085
1130.0,65.19773472300353
1131.0,79.92930600290856
1132.0,39.69362526117629
1133.0,38.09244046339675
1134.0,67.33678963815201
1135.0,49.39468259724784
1136.0,49.795866053793354
1137.0,52.989997150405365
1138.0,51.58121495832358
1139.0,46.15687198655446
1140.0,47.80462478348511
1141.0,47.9010833107969
1142.0,73.03021674217578
1143.0,23.38455141142417
1144.0,62.80355996817572
1145.0,71.8320577329028
1146.0,36.44752560087315
1147.0,44.08318313493898
1148.0,35.104759993014966
1149.0,68.37390888534127
1150.0,29.93711481066688
1151.0,41.92659436880483
1152.0,33.72001130916125
1153.0,62.60547753883652
1154.0,33.08990909669928
1155.0,35.50449519614159
1156.0,31.92089704174759
1157.0,68.01617106988738
1158.0,64.5824713790507
1159.0,63.28394133479333
1160.0,26.099349904545274
1161.0,59.15190126792058
1162.0,68.17171470888154
1163.0,29.03659817912113
1164.0,69.95490963550975
1165.0,63.940439231400454
1166.0,72.2983245396704
1167.0,62.973769871711504
1168.0,38.8717538265015
1169.0,49.56843935188214
1170.0,25.322309602354174
1171.0,70.94422294683508
1172.0,29.88516175960099
1173.0,53.57318691986184
1174.0,56.69660670057671
1175.0,47.942517956397104
1176.0,57.105994318125916
1177.0,57.97024377571973
1178.0,40.6360391365857
1179.0,28.611447213281302
1180.0,41.01159181759294
1181.0,67.92243505026339
1182.0,52.553705889955936
1183.0,34.64562833104894
1184.0,39.180750635365705
1185.0,38.678296137363496
1186.0,65.74481482139417
1187.0,47.92550498173524
1188.0,24.34151040587476
1189.0,27.597543954301287
1190.0,27.184243992149447
1191.0,55.12354556122162
1192.0,48.68648604404345
1193.0,36.63370663002842
1194.0,41.202302728599804
1195.0,42.49839867773593
1196.0,32.49749734064545
1197.0,70.81012962122588
1198.0,33.74776470143388
1199.0,55.98245400995544
1200.0,64.27433952014103
1201.0,37.98899435680251
1202.0,76.97765627630261
1203.0,51.29893737305768
1204.0,68.6069224485741
1205.0,29.50410802773144
1206.0,31.109137480144927
1207.0,63.04749530158883
1208.0,46.56003846456489
1209.0,57.51935080303939
1210.0,50.67322634162737
1211.0,43.38169389791866
1212.0,78.23968016359508
1213.0,50.898966177965406
1214.0,72.59635575094677
1215.0,62.55938509987661
1216.0,25.678236506310288
1217.0,50.69489011113615
1218.0,33.655032316173155
1219.0,57.269425854278886
1220.0,37.6702565008545
1221.0,47.16721556070687
1222.0,40.27560576906069
1223.0,39.37299532702318
1224.0,34.13700445577357
1225.0,52.6515069429795
1226.0,74.13883328569759
1227.0,59.39201472339211
1228.0,38.51489487522062
1229.0,62.87829436006105
1230.0,40.762588697509315
1231.0,26.08665265384914
1232.0,43.78198204227191
1233.0,53.91742877734355
1234.0,66.81773241065626
1235.0,43.86763392394078
1236.0,77.71968207453682
1237.0,51.8390171403544
1238.0,50.94689704916043
1239.0,30.267219867296333
1240.0,35.191575272908
1241.0,65.21449985137659
1242.0,35.39146945040926
1243.0,33.98911129847153
1244.0,57.593810323474344
1245.0,49.5364391206924
1246.0,72.11415042274629
1247.0,49.83257756666951
1248.0,73.36261655707541
1249.0,28.581636755571854
1250.0,49.58621057637164
1251.0,27.64511564614432
1252.0,29.384984276667687
1253.0,27.621142193820432
1254.0,74.89077158613787
1255.0,52.83125233202975
1256.0,45.74384494033887
1257.0,70.70152028294983
1258.0,70.56708137887603
1259.0,72.31355381361239
1260.0,63.14318854153291
1261.0,28.490272897290517
1262.0,32.66511899431712
1263.0,77.20260869550161
1264.0,23.49953089164275
1265.0,57.97578599358971
1266.0,33.07955147700893
1267.0,67.19145527134216
1268.0,34.073863024113535
1269.0,68.63770568524733
1270.0,39.78693858120015
1271.0,41.32368625556696
1272.0,41.36214076913806
1273.0,41.83186885641143
1274.0,68.65501274946247
1275.0,69.95833355273
1276.0,60.77602472728726
1277.0,36.62999876910973
1278.0,46.03428085972949
1279.0,28.459806272873667
1280.0,66.24205602635705
1281.0,59.76762903188184
1282.0,51.33692256363765
1283.0,35.19928417085278
1284.0,69.22219956841951
1285.0,72.51841993817155
1286.0,38.851800916713664
1287.0,42.11884382243708
1288.0,60.88527462962131
1289.0,64.50747873671207
1290.0,32.13249558070074
1291.0,73.53678948557123
1292.0,52.591688643424504
1293.0,30.686139636698826
1294.0,43.048485847131225
1295.0,68.55666502530875
1296.0,30.216302087682454
1297.0,38.4429977786798
1298.0,39.83352172445029
1299.0,44.460071401733636
1300.0,40.09224251154581
1301.0,76.88625466873007
1302.0,66.01235071784573
1303.0,63.54758356051677
1304.0,70.1224235521301
1305.0,42.83656210003351
1306.0,76.00427436210157
1307.0,28.11761690591332
1308.0,55.624259841163436
1309.0,37.314283414760055
1310.0,46.55814013998803
1311.0,55.505683890884384
1312.0,69.259135954496
1313.0,40.47010998368751
1314.0,28.508434137270864
1315.0,28.954748509903094
1316.0,32.64858362589217
1317.0,57.53025877142057
1318.0,31.230452210184403
1319.0,33.58044300961768
1320.0,51.58795904462573
1321.0,36.271251888016266
1322.0,70.19181339668793
1323.0,71.80533181853454
1324.0,47.2801917734599
1325.0,66.49619767321686
1326.0,34.84648002678438
1327.0,27.26544896434508
1328.0,74.194081775233
1329.0,39.360177218387236
1330.0,65.63530622671983
1331.0,45.73950009489368
1332.0,26.863030137851226
1333.0,37.18197545079412
1334.0,75.67133183027401
1335.0,74.12838550903848
1336.0,74.47536779714545
1337.0,30.785448814957846
1338.0,47.87398600394324
1339.0,54.935951323134525
1340.0,30.07655145842396
1341.0,31.00101566452377
1342.0,30.095851117338423
1343.0,33.877486239252086
1344.0,30.269857049084546
1345.0,31.68747799297235
1346.0,51.01819432177643
1347.0,28.199108718382483
1348.0,63.39141277582862
1349.0,63.43331175922451
1350.0,36.26886226173559
1351.0,62.47991927134484
1352.0,25.73494229627119
1353.0,76.20288182555993
1354.0,69.18515739981574
1355.0,35.537044484813315
1356.0,76.07288052321086
1357.0,33.68920210521385
1358.0,26.282104751545095
1359.0,37.32275570110475
1360.0,52.242481835981856
1361.0,66.56844807087639
1362.0,42.563083677243476
1363.0,32.02911191696622
1364.0,27.028655581294213
1365.0,39.9740413934063
1366.0,33.84927860372831
1367.0,34.763593599610736
1368.0,60.50921755698281
1369.0,34.903370564671505
1370.0,42.05208858487301
1371.0,30.353589026641043
1372.0,29.05750590259819
1373.0,71.15210771909707
1374.0,27.53721094581107
1375.0,26.022054775157077
1376.0,73.54822210921614
1377.0,36.055305625215695
1378.0,63.52319329820576
1379.0,25.172350886145537
1380.0,34.138496702488325
1381.0,37.87061336828129
1382.0,32.23287909486952
1383.0,27.82203352386729
1384.0,68.41528777798283
1385.0,72.36286674515068
1386.0,69.9578150061293
1387.0,47.46904043057812
1388.0,28.949500045522253
1389.0,36.10084484314595
1390.0,72.87987124987225
1391.0,35.59032269988024
1392.0,72.47426044771808
1393.0,69.46135697439401
1394.0,39.76211583349121
1395.0,56.71475097975372
1396.0,39.35975877894859
1397.0,35.090270613437994
1398.0,59.48211396567501
1399.0,48.88438672207013
1400.0,26.754609554036293
1401.0,56.710047734637755
1402.0,29.09070707865565
1403.0,28.263234198707455
1404.0,67.79529839703393
1405.0,76.76571713751997
1406.0,39.2251411747711
1407.0,34.536000169925046
1408.0,53.817473472354834
1409.0,61.77352389224384
1410.0,31.43418074912478
1411.0,39.46961552552008
1412.0,64.91942446520574
1413.0,52.90415832576656
1414.0,61.71111272262962
1415.0,75.08683060778776
1416.0,72.66974146339966
1417.0,24.32610194075781
1418.0,68.29910095874469
1419.0,77.02314434878328
1420.0,58.10234238440531
1421.0,69.4753360819604
1422.0,73.2434957764862
1423.0,47.65250870256029
1424.0,35.253661508919286
1425.0,34.661487045519394
1426.0,39.97660047634597
1427.0,59.02899534207215
1428.0,68.87218202454918
1429.0,33.970308237250144
1430.0,80.96021167561764
1431.0,23.50146178231766
1432.0,19.682697993849636
1433.0,63.67515407802864
1434.0,57.84260105787726
1435.0,51.43534263818436
1436.0,33.56736462720394
1437.0,34.4171885840909
1438.0,82.40116404872275
1439.0,66.04137043251848
1440.0,66.78501762612647
1441.0,34.84851656426654
1442.0,41.69544200452429
1443.0,24.869508621030693
1444.0,40.1188134825047
1445.0,32.99935378372244
1446.0,37.81623208864325
1447.0,74.17880596390853
1448.0,66.30792278801644
1449.0,51.08474514548538
1450.0,50.61922014749065
1451.0,45.200924407228975
1452.0,33.94139649542546
1453.0,65.13988923931885
1454.0,44.583545815993794
1455.0,73.15190575934852
1456.0,68.6152923166183
1457.0,74.06274668022795
1458.0,45.33971932450443
1459.0,62.85549551972743
1460.0,33.762188770853875
1461.0,66.7916986051675
1462.0,60.558608165398184
1463.0,37.8876994315312
1464.0,48.03784484724861
1465.0,43.74518819729408
1466.0,47.005952322049154
1467.0,43.339053965597586
1468.0,46.266224062542435
1469.0,36.30272046269073
1470.0,40.42033702868642
1471.0,37.41714431566847
1472.0,28.25940631079516
1473.0,67.2833028891351
1474.0,47.903866301810346
1475.0,47.8876582738393
1476.0,44.16566680876682
1477.0,54.36768872405856
1478.0,65.23540690952329
1479.0,43.132011295798826
1480.0,42.56297512008945
1481.0,49.449474894803664
1482.0,30.635791389557284
1483.0,43.95453447640571
1484.0,38.4092125904252
1485.0,41.8095980505054
1486.0,62.576532752552076
1487.0,29.6707568342073
1488.0,32.170704772104635
1489.0,27.82113831810998
1490.0,34.496133615195966
1491.0,54.081482639347215
1492.0,47.85505522761771
1493.0,73.91836563510391
1494.0,48.075170658531945
1495.0,59.47617663915238
1496.0,58.40166323214059
1497.0,28.757476582621944
1498.0,67.3936612448866
1499.0,56.95975070033059
1500.0,72.62216337768672
1501.0,41.18883332769038
1502.0,65.43572360192195
1503.0,56.13629667451441
1504.0,67.38726781985909
1505.0,32.158249414110486
1506.0,76.87397676664885
1507.0,35.050735600235164
1508.0,45.45885081766536
1509.0,41.925760015673234
1510.0,60.70790316954553
1511.0,71.58046852639208
1512.0,54.31905512751307
1513.0,32.50225447397323
1514.0,35.69426294529277
1515.0,63.48917667244033
1516.0,72.96746319775941
1517.0,29.318039554639718
1518.0,76.82475693631068
1519.0,36.68646917416959
1520.0,35.493226711808134
1521.0,50.024348876777196
1522.0,50.924277850011904
1523.0,39.98140985254369
1524.0,34.61196502585647
1525.0,28.65481525827504
1526.0,48.19431456662542
1527.0,34.07523956397322
1528.0,30.12422550463173
1529.0,29.094897841089757
1530.0,70.21436759991919
1531.0,58.598416429189925
1532.0,72.41951227149372
1533.0,47.87194680123027
1534.0,64.39332473686741
1535.0,47.71329654176043
1536.0,57.004357888813736
1537.0,57.09578966086296
1538.0,31.165295814406626
1539.0,45.734412005677235
1540.0,67.59762645548253
1541.0,46.0393593923736
1542.0,83.15269995138695
1543.0,74.41790795393447
1544.0,53.836230807582986
1545.0,36.33285218659659
1546.0,46.637696165254575
1547.0,66.42225513374541
1548.0,69.71638413981175
1549.0,41.13312796397793
1550.0,27.306120735998558
1551.0,28.07525425573847
1552.0,51.8741103002141
1553.0,58.533228893002345
1554.0,67.34275457269887
1555.0,40.11966268472655
1556.0,33.76008012352323
1557.0,40.00385430210545
1558.0,70.83418824567057
1559.0,62.3077199088099
1560.0,61.874424104158294
1561.0,46.22989775434583
1562.0,63.361806633520494
1563.0,45.647399835064896
1564.0,64.65921101092115
1565.0,37.60449171803409
1566.0,35.927892160197494
1567.0,66.49054819664187
1568.0,43.06859421874324
1569.0,30.072673458235386
1570.0,26.211309229036193
1571.0,36.05012229579045
1572.0,48.886413532564674
1573.0,28.76716611965467
1574.0,69.1864977094102
1575.0,69.9716964010873
1576.0,62.49154766937976
1577.0,33.90275277688607
1578.0,67.51345974832036
1579.0,45.910301656708555
1580.0,68.28824095653948
1581.0,32.273204017193194
1582.0,52.67299876308453
1583.0,47.20005560154941
1584.0,56.99609755343555
1585.0,72.89656079692361
1586.0,34.80570747340909
1587.0,28.446039817967616
1588.0,29.228902016604554
1589.0,43.78889780382596
1590.0,69.6466461015282
1591.0,43.939341301002344
1592.0,31.60823148995468
1593.0,75.7248120129005
1594.0,66.309471201259
1595.0,43.774543299108096
1596.0,29.43811870683522
1597.0,59.23379985821121
1598.0,52.47387363323397
1599.0,30.00825447582525
1600.0,36.16847916052561
1601.0,71.25690843306272
1602.0,21.991687587772216
1603.0,51.6953380766082
1604.0,47.832196437138826
1605.0,36.939031987246594
1606.0,54.51741268957154
1607.0,73.7053268023435
1608.0,43.59345104843017
1609.0,47.106289574717074
1610.0,66.44090580371146
1611.0,42.942521007446054
1612.0,50.64995144727755
1613.0,29.28248339145603
1614.0,48.13638545721271
1615.0,71.96799712815313
1616.0,42.12259215343842
1617.0,50.41526034460946
1618.0,50.935285126374765
1619.0,32.85676774137149
1620.0,24.527079807876724
1621.0,45.83265866375122
1622.0,58.39822662618017
1623.0,65.08207638012037
1624.0,70.85229671160971
1625.0,69.47121824290782
1626.0,38.66631225560729
1627.0,49.20181044710585
1628.0,24.790520377014747
1629.0,25.693714923633188
1630.0,46.90279273039092
1631.0,66.01092567560768
1632.0,72.83069793455641
1633.0,40.6236760692707
1634.0,41.0595346940633
1635.0,38.72545410040068
1636.0,43.53067773677393
1637.0,38.19295497685871
1638.0,42.03612230579206
1639.0,30.736130164949447
1640.0,41.72113361085083
1641.0,41.96491881024417
1642.0,42.60187760980185
1643.0,59.72478643953857
1644.0,46.7727545921949
1645.0,54.42720176487938
1646.0,59.163908571593105
1647.0,74.85595234852862
1648.0,23.38584068785204
1649.0,65.5096138487835
1650.0,29.82668765238297
1651.0,49.492915332560344
1652.0,41.877173939331875
1653.0,72.19600594303962
1654.0,39.14966049649783
1655.0,50.35963346972348
1656.0,49.914723888684996
1657.0,59.22024242734973
1658.0,75.87336866107768
1659.0,57.356441902875936
1660.0,57.19256909550988
1661.0,27.793787957287094
1662.0,70.97889542858978
1663.0,31.082380253668287
1664.0,74.0229850557057
1665.0,32.18769149636206
1666.0,46.59575206768184
1667.0,51.55683315397729
1668.0,61.81340034171744
1669.0,35.303916072311125
1670.0,47.30016823165811
1671.0,47.95170578459289
1672.0,69.96077021298466
1673.0,39.88973886796353
1674.0,43.67241221889306
1675.0,66.88066504595983
1676.0,71.02780238584182
1677.0,65.18451725181691
1678.0,62.955707035433996
1679.0,37.98003582095181
1680.0,31.680578244922472
1681.0,64.8553642039098
1682.0,54.99616067917473
1683.0,72.15291487493289
1684.0,64.62895861866471
1685.0,41.755291595874134
1686.0,48.6797637369149
1687.0,24.955714430324324
1688.0,73.7449226346433
1689.0,57.431083845040476
1690.0,52.90643299563122
1691.0,67.00684231392003
1692.0,37.38415671158574
1693.0,48.21306494531471
1694.0,70.82807755725189
1695.0,29.017134368552313
1696.0,48.40142940881222
1697.0,35.324710967240804
1698.0,70.65420666698705
1699.0,64.47642385192809
1700.0,28.913644385234115
1701.0,52.7776068208495
1702.0,24.55428709646285
1703.0,35.41058540885657
1704.0,26.108062963584377
1705.0,42.1588590228727
1706.0,69.90120806156888
1707.0,59.86559877674137
1708.0,26.769085773500287
1709.0,63.013629151022684
1710.0,56.94669915975875
1711.0,68.61681209906091
1712.0,41.606660951110904
1713.0,32.142365572704236
1714.0,50.2312996466882
1715.0,41.512482865102015
1716.0,59.53415511039671
1717.0,37.37593489767757
1718.0,48.1468904309262
1719.0,33.53126316313538
1720.0,41.26923516541608
1721.0,21.79486872663161
1722.0,30.03515757401183
1723.0,52.070937238567275
1724.0,45.470429195978426
1725.0,73.58483864122594
1726.0,73.49087143534949
1727.0,39.26597587261922
1728.0,49.72390619140183
1729.0,72.80447572465191
1730.0,46.929249720869485
1731.0,28.502203915272855
1732.0,48.478645964723725
1733.0,72.08151203436199
1734.0,43.67516057755229
1735.0,57.12298938444991
1736.0,26.49598250345541
1737.0,51.66291997825683
1738.0,29.21466086694467
1739.0,45.77997426548604
1740.0,38.95439112720477
1741.0,38.490054543838276
1742.0,33.66922194531099
1743.0,30.254968238747807
1744.0,82.32996240339058
1745.0,55.19156486686971
1746.0,45.49038129628737
1747.0,71.43241316781248
1748.0,74.04375954962909
1749.0,26.14768240723624
1750.0,44.95023673886367
1751.0,44.650249903806646
1752.0,34.94368848463907
1753.0,52.32177307357204
1754.0,77.64110316097653
1755.0,74.39093158554077
1756.0,54.11719350010392
1757.0,28.36823371978022
1758.0,28.643988497969584
1759.0,74.65049613530333
1760.0,33.29304122449756
1761.0,22.14234866763125
1762.0,62.38696651143898
1763.0,70.3211316038173
1764.0,43.482349000799445
1765.0,33.65832174579496
1766.0,69.03602803775824
1767.0,29.89041545294689
1768.0,71.84319285277074
1769.0,67.1026814195176
1770.0,63.30830076946329
1771.0,37.91146569624269
1772.0,70.96306262853012
1773.0,33.09843130649233
1774.0,28.461588425730106
1775.0,37.19322991217594
1776.0,30.149467018517342
1777.0,29.886852151393242
1778.0,38.01061742005638
1779.0,50.03137008230581
1780.0,36.87467674474333
1781.0,35.15436111454578
1782.0,68.53100158665792
1783.0,23.445130095616907
1784.0,69.12699781338036
1785.0,61.51663004515666
1786.0,38.6684131066314
1787.0,60.807948894345856
1788.0,71.28345866693512
1789.0,35.317631305464154
1790.0,45.282854528809914
1791.0,57.0347881892465
1792.0,38.549982123431356
1793.0,36.88721275895152
1794.0,61.38200967582049
1795.0,56.61468308472577
1796.0,74.36297744524079
1797.0,35.57093136996453
1798.0,70.07047779064125
1799.0,34.9595491815299
1800.0,28.88333406773696
1801.0,52.38710391364106
1802.0,51.39319525878935
1803.0,31.978992115959223
1804.0,35.76849378005547
1805.0,65.49038646473213
1806.0,26.010033195465947
1807.0,34.41145941040151
1808.0,48.361076600312316
1809.0,77.46093155171751
1810.0,48.09520702432669
1811.0,30.057844760811527
1812.0,48.779694280395404
1813.0,48.30495930339206
1814.0,39.60399415000032
1815.0,28.389777036641956
1816.0,52.431366083529724
1817.0,38.539367375622504
1818.0,34.85814278149898
1819.0,27.703953744778094
1820.0,66.36898090840509
1821.0,63.3397335474111
1822.0,69.72704083438978
1823.0,40.82645965518667
1824.0,40.590477225290655
1825.0,31.390360942600047
1826.0,29.538017632794602
1827.0,26.765386094585573
1828.0,49.465809816292904
1829.0,69.03270877204915
1830.0,26.634933220277194
1831.0,29.760164360727376
1832.0,42.39504709863045
1833.0,40.11729698535971
1834.0,67.89861139509732
1835.0,32.00980242890303
1836.0,37.08998906340682
1837.0,68.45711859507705
1838.0,59.75086645179115
1839.0,47.720166277308245
1840.0,29.325927825078583
1841.0,31.13728923659866
1842.0,44.23502685145731
1843.0,40.55963155032863
1844.0,49.574290357158404
1845.0,58.04447073358383
1846.0,29.747072160961604
1847.0,50.50104139540888
1848.0,59.91120979589448
1849.0,51.44897970250348
1850.0,41.67059624208682
1851.0,67.36267861137063
1852.0,73.77524356293917
1853.0,29.02608663447985
1854.0,54.65824918369594
1855.0,38.20334858473301
1856.0,67.94307106648031
1857.0,31.201805399392715
1858.0,34.12508252001804
1859.0,51.75800011399536
1860.0,30.93252485825956
1861.0,61.29485778033249
1862.0,45.814336637836476
1863.0,57.63415146376125
1864.0,49.71065668576916
1865.0,63.099603659207794
1866.0,68.2041194941181
1867.0,67.01476354549222
1868.0,61.01988195322476
1869.0,33.79112196618973
1870.0,67.69462645028939
1871.0,27.935578978144886
1872.0,37.967922341755866
1873.0,72.11099618988958
1874.0,31.841605683461783
1875.0,37.42598023349508
1876.0,50.15132608721571
1877.0,36.106932223669794
1878.0,38.222678726932514
1879.0,47.60894640789232
1880.0,71.85151801447049
1881.0,43.72960583607306
1882.0,31.048485461313017
1883.0,38.284404539619146
1884.0,65.9964728672549
1885.0,41.794370771621665
1886.0,53.20450098269854
1887.0,26.1900227243195
1888.0,32.79342977578652
1889.0,32.161451227057384
1890.0,65.95407163113319
1891.0,63.973594554654696
1892.0,74.974858869415
1893.0,39.92958024748454
1894.0,56.2140943296707
1895.0,24.717659594505815
1896.0,70.9679502942614
1897.0,40.19308539286704
1898.0,30.550428454735247
1899.0,29.55087420873695
1900.0,36.56290922676507
1901.0,37.1951323095807
1902.0,37.54755484312471
1903.0,73.43629201755985
1904.0,24.221976289200086
1905.0,42.01035518606099
1906.0,42.604226869565096
1907.0,61.07941826095293
1908.0,48.296639277458425
1909.0,32.952837918406054
1910.0,60.42619448450217
1911.0,59.46665144603693
1912.0,43.84927334477666
1913.0,57.88396068236156
1914.0,36.58990949895888
1915.0,75.46206090843333
1916.0,62.532203738340414
1917.0,50.29883968625293
1918.0,34.577046408170965
1919.0,30.711493751019653
1920.0,67.33477425603306
1921.0,75.659909035786
1922.0,56.642116449049105
1923.0,24.440316792641493
1924.0,43.239798394436036
1925.0,59.16278260032193
1926.0,73.18242095006441
1927.0,26.259132284119776
1928.0,55.743424287203354
1929.0,37.175889830661454
1930.0,45.44583103464155
1931.0,41.33625939767227
1932.0,42.24700938686548
1933.0,30.608973805672164
1934.0,25.558696220695644
1935.0,35.021169014038534
1936.0,75.87359296656194
1937.0,29.81108474579756
1938.0,57.35616313610932
1939.0,58.980727147857166
1940.0,71.15831835198003
1941.0,66.80477868719866
1942.0,37.486388197855604
1943.0,25.699898024875246
1944.0,35.96270548498688
1945.0,30.38786630214251
1946.0,33.144580288025686
1947.0,51.821863049608524
1948.0,51.03226569362591
1949.0,68.40105059870191
1950.0,27.079377735134646
1951.0,37.29856672109245
1952.0,20.697302791192506
1953.0,46.28292786998386
1954.0,65.54779087384611
1955.0,37.02386057483485
1956.0,35.54640398969701
1957.0,84.41728643033858
1958.0,36.52413906404277
1959.0,43.88413079530352
1960.0,29.536206946038728
1961.0,37.05293154676086
1962.0,63.41894338018317
1963.0,70.20853352073202
1964.0,23.8976145373226
1965.0,72.19627869543677
1966.0,28.17126956465928
1967.0,47.6705939029508
1968.0,38.402538393892115
1969.0,25.117588639866007
1970.0,40.32261021955669
1971.0,51.890251086612466
1972.0,56.8253104975801
1973.0,44.177461396972916
1974.0,57.43566259141111
1975.0,62.187622343746895
1976.0,33.05788888647129
1977.0,25.850842945678302
1978.0,52.60900665842984
1979.0,69.80429759956016
1980.0,49.14858284647504
1981.0,15.04951416414692
1982.0,69.72888861898535
1983.0,38.267260187761345
1984.0,35.299208772636945
1985.0,33.68135290888554
1986.0,44.93093377855947
1987.0,25.009308390659854
1988.0,31.100296608068792
1989.0,52.4101948498978
1990.0,42.62682421764603
1991.0,39.164907680539855
1992.0,31.623147245922684
1993.0,53.394893148055736
1994.0,46.57240292892928
1995.0,44.05292323261026
1996.0,72.53157537842755
1997.0,70.41049465989586
1998.0,29.791844625047364
1999.0,45.19775365747726
2000.0,53.18295305459075
2001.0,33.55354912295994
2002.0,66.79598364335182
2003.0,60.03727179309177
2004.0,43.74008774268061
2005.0,47.168500481378636
2006.0,74.95381787597846
2007.0,42.467372744357384
2008.0,43.39069820662157
2009.0,47.25316284931971
2010.0,29.553298612609286
2011.0,40.86961022573174
2012.0,38.65360907250187
2013.0,71.19017575570433
2014.0,60.4635999923965
2015.0,63.21419421204281
2016.0,68.71878312154747
2017.0,28.51880924749667
2018.0,62.699989815635384
2019.0,52.844474906939766
2020.0,28.553221146578135
2021.0,74.3898439569145
2022.0,70.6846527826074
2023.0,54.97525213976834
2024.0,73.033596441212
2025.0,76.0763004793006
2026.0,38.45092496883525
2027.0,29.392692423832763
2028.0,28.933343975718763
2029.0,21.93019839981061
2030.0,34.78907441179876
2031.0,41.77405229854854
2032.0,68.30774072889976
2033.0,45.60434271779674
2034.0,59.52547215072304
2035.0,35.75450795484071
2036.0,31.0764773742644
2037.0,59.278604267209644
2038.0,55.22588454756923
2039.0,70.1211691988739
2040.0,58.98494775103373
2041.0,39.73043497385439
2042.0,67.49358684629475
2043.0,71.67333261602398
2044.0,30.470896870541527
2045.0,42.25172409832309
2046.0,88.091376191498
2047.0,41.172901528505946
2048.0,42.69863970595269
2049.0,71.01794014629743
2050.0,41.0267792094569
2051.0,44.47614207485331
2052.0,37.83719159052124
2053.0,42.66864012696933
2054.0,71.54023490187434
2055.0,46.102582183635576
2056.0,67.3212975766546
2057.0,44.084180604459206
2058.0,28.31290362693459
2059.0,50.20441126431836
2060.0,59.05144312707026
2061.0,52.546625286847764
2062.0,69.6997326757854
2063.0,74.18152307071475
2064.0,70.47668548002203
2065.0,69.67718778862753
2066.0,68.2481253807729
2067.0,63.28584727183074
2068.0,26.38413612690581
2069.0,33.560111798422646
2070.0,68.43858767143072
2071.0,53.8256277786653
2072.0,58.444950178970764
2073.0,32.0554243196266
2074.0,73.14349530697815
2075.0,53.5720543486287
2076.0,33.172201260419385
2077.0,33.3046998270213
2078.0,79.08172070675565
2079.0,40.540223932487976
2080.0,70.9890105655374
2081.0,40.25504235192883
2082.0,33.63077133626668
2083.0,35.843219019015145
2084.0,65.76473391870036
2085.0,46.156720906233964
2086.0,65.27378726791004
2087.0,22.169950732122526
2088.0,56.1952831834722
2089.0,53.9224781072967
2090.0,63.88535860546316
2091.0,30.86484706721209
2092.0,46.28713889869079
2093.0,28.165795966850762
2094.0,30.77135644544904
2095.0,33.40369520320809
2096.0,79.63131674496873
2097.0,31.015641323200885
2098.0,32.26431748180876
2099.0,32.23837586811611
2100.0,31.644541556018545
2101.0,52.44209551912697
2102.0,31.190290239342822
2103.0,33.261768898300105
2104.0,60.9889336024034
2105.0,42.461613338801946
2106.0,59.01203996660911
2107.0,44.75857208226103
2108.0,47.81588525130402
2109.0,64.76913840825578
2110.0,42.138018254130195
2111.0,31.544824432378736
2112.0,29.043110885688275
2113.0,75.89404193135373
2114.0,51.83171380536387
2115.0,28.343342123391302
2116.0,48.457496424550015
2117.0,54.20805068741385
2118.0,65.47468807572994
2119.0,31.953514576255976
2120.0,47.74223490243063
2121.0,30.859851524452782
2122.0,36.66367208119471
2123.0,38.554124639077806
2124.0,67.90965267297298
2125.0,40.07470006275166
2126.0,35.51181968207294
2127.0,61.30580300721792
2128.0,40.139871075770344
2129.0,70.39991362134043
2130.0,54.58168426898663
2131.0,45.538787991995896
2132.0,36.02448808452236
2133.0,66.96449045939846
2134.0,30.5268466825775
2135.0,38.832046116528616
2136.0,44.04021717360885
2137.0,55.32794782824061
2138.0,62.55969423759471
2139.0,75.60941720524163
2140.0,31.22416281387139
2141.0,33.20198741943628
2142.0,28.545153608646896
2143.0,46.70088178360744
2144.0,60.45429140191779
2145.0,38.91246230545363
2146.0,72.00208811238828
2147.0,37.61306607448395
2148.0,61.58664955358171
2149.0,69.30289688651051
2150.0,49.81015005105457
2151.0,48.73243853108181
2152.0,60.90033139872177
2153.0,76.76545047305306
2154.0,80.37651954116157
2155.0,49.543920803496846
2156.0,50.556190364522976
2157.0,51.238911919728494
2158.0,74.90034793389486
2159.0,67.18522373887247
2160.0,34.514799844340196
2161.0,30.63082151028233
2162.0,35.79421025143535
2163.0,71.65618931873887
2164.0,35.56137141341193
2165.0,50.23936312494261
2166.0,34.08397349774929
2167.0,43.51347891980683
2168.0,50.08934428596189
2169.0,36.350773513070074
2170.0,27.83134854621651
2171.0,71.95080415688805
2172.0,52.830681296938
2173.0,32.677964069476594
2174.0,41.606290564016355
2175.0,46.15275468959544
2176.0,68.30778450252143
2177.0,49.09334308131766
2178.0,66.24975320594582
2179.0,31.908897599188844
2180.0,28.63289740894869
2181.0,46.72865116320142
2182.0,45.46548652006408
2183.0,41.5809335574752
2184.0,72.33334496902701
2185.0,42.62570918389293
2186.0,28.864139700826538
2187.0,58.57675144778677
2188.0,35.24661607234856
2189.0,26.984086891754753
2190.0,68.58467338251704
2191.0,54.04534664690468
2192.0,32.73858200539877
2193.0,63.991911810338664
2194.0,48.83106213346157
2195.0,48.13832636144859
2196.0,48.948512178152725
2197.0,41.734271741341615
2198.0,29.95642355178528
2199.0,70.6239284430445
2200.0,36.7408435608092
2201.0,32.98643765456548
2202.0,60.30946771022622
2203.0,73.19592910514221
2204.0,29.40908407473724
2205.0,46.22506258841086
2206.0,34.066083915187924
2207.0,21.075315609696492
2208.0,74.02590861773199
2209.0,34.7133848337558
2210.0,69.73023699848717
2211.0,70.36626462952454
2212.0,38.646701266702266
2213.0,37.0066032343908
2214.0,46.215188411272855
2215.0,39.94737046868362
2216.0,35.88891064365698
2217.0,50.72298247616031
2218.0,68.71719035055983
2219.0,33.68907031941759
2220.0,79.38132255353523
2221.0,30.718911555739467
2222.0,24.326986325523983
2223.0,22.148784405955197
2224.0,70.73715570076035
2225.0,39.4373415361319
2226.0,22.260685466359853
2227.0,52.02579197022669
2228.0,35.119942238623366
2229.0,22.333574633553813
2230.0,67.0240983048486
2231.0,66.33390317227484
2232.0,71.21501277751123
2233.0,29.163232511640718
2234.0,52.61132558958667
2235.0,45.24613914288733
2236.0,52.05400817434227
2237.0,52.10068985708984
2238.0,33.47527138557202
2239.0,39.788373387931244
2240.0,49.9927829851997
2241.0,66.34371551144251
2242.0,31.664789829186244
2243.0,53.230737828805744
2244.0,68.59918973761124
2245.0,68.4156715155109
2246.0,56.64503465772205
2247.0,39.43041862368733
2248.0,24.787241501448673
2249.0,68.51351997914507
2250.0,24.706741489601537
2251.0,28.954407821796966
2252.0,39.23599885607465
2253.0,31.34774423884841
2254.0,64.85157097861355
2255.0,68.30446307360623
2256.0,31.328676280785114
2257.0,31.18598537026298
2258.0,44.04340658087465
2259.0,57.55033784466814
2260.0,47.703517580161204
2261.0,53.100789919909744
2262.0,66.21176900064383
2263.0,58.44465966318328
2264.0,37.30601735949653
2265.0,62.52006045570997
2266.0,63.904917860653434
2267.0,27.54340434532845
2268.0,30.42050116084255
2269.0,37.97124537695806
2270.0,36.23503975307404
2271.0,69.88726703876698
2272.0,43.95905925546752
2273.0,28.552787149048505
2274.0,34.60961368566354
2275.0,34.533899564106406
2276.0,52.462492314126585
2277.0,31.657801859710446
2278.0,35.44135164506794
2279.0,54.40595876603515
2280.0,72.49324666903347
2281.0,43.93672949773758
2282.0,65.99366909212597
2283.0,34.047562984549465
2284.0,34.40450265576672
2285.0,44.5687813600884
2286.0,45.43449474366266
2287.0,22.281884266629753
2288.0,78.56641868619997
2289.0,66.32134700752947
2290.0,18.151162229995677
2291.0,73.10922990990174
2292.0,36.62020301570365
2293.0,41.40740986784181
2294.0,65.32802808580641
2295.0,41.01891662344951
2296.0,30.692076261864752
2297.0,30.084721247923106
2298.0,33.33653125895792
2299.0,31.4859347871975
2300.0,64.38416010337222
2301.0,68.22475478008994
2302.0,72.66458483107867
2303.0,48.25117546534334
2304.0,35.23278158349603
2305.0,47.38538433796359
2306.0,39.76429131713928
2307.0,20.625357001310178
2308.0,31.588900117856433
2309.0,19.68409067375322
2310.0,34.248901339171475
2311.0,56.18417071374566
2312.0,53.59158677764904
2313.0,33.67061772246077
2314.0,43.74271219664139
2315.0,67.72396022798516
2316.0,43.19901176140324
2317.0,33.96815312442714
2318.0,67.62330120245352
2319.0,60.63092713845608
2320.0,49.36582717322658
2321.0,32.33407230213002
2322.0,42.46119604551984
2323.0,55.364197254691916
2324.0,56.52515859904701
2325.0,46.975149423362865
2326.0,25.986947012983702
2327.0,28.879738689496325
2328.0,70.17377901806638
2329.0,66.75723547427485
2330.0,58.538856707260216
2331.0,36.580376937552074
2332.0,38.98762967584735
2333.0,77.00377076000085
2334.0,42.915035891994826
2335.0,27.790386021704286
2336.0,46.87397619124181
2337.0,31.30394195075709
2338.0,19.879714348695728
2339.0,70.79591441107401
2340.0,25.96702532610332
2341.0,34.50229367356578
2342.0,64.44025262386982
2343.0,57.52479707791626
2344.0,61.90508593038931
2345.0,52.641871459804975
2346.0,54.41216584926892
2347.0,28.025042575586074
2348.0,28.975507630853574
2349.0,67.35901597737491
2350.0,31.96074501937414
2351.0,72.64247889053514
2352.0,35.06200310040015
2353.0,30.628289172995053
2354.0,41.60091980081911
2355.0,72.39168600867745
2356.0,56.71989251117668
2357.0,41.12061848822126
2358.0,62.553479148471915
2359.0,29.90324172908231
2360.0,25.484498420103417
2361.0,29.87942893059923
2362.0,58.00455337720474
2363.0,27.018439210506102
2364.0,30.539471240470444
2365.0,27.83713624406378
2366.0,64.85830763692452
2367.0,55.63640261683817
2368.0,78.61856770110136
2369.0,34.22826602456121
2370.0,66.10328202896122
2371.0,45.172857450410746
2372.0,26.228238099384136
2373.0,74.89568685926312
2374.0,64.0175331783041
2375.0,48.25949231577395
2376.0,25.110247247378386
2377.0,32.293467207507256
2378.0,49.261200111141626
2379.0,74.99664132201609
2380.0,70.56473283974195
2381.0,24.16091170127338
2382.0,38.20365760941728
2383.0,38.726846288726904
2384.0,43.13601484028134
2385.0,65.65589314200342
2386.0,73.03007329126925
2387.0,35.00587040143019
2388.0,38.48493933868934
2389.0,44.05661095287342
2390.0,41.09807045231713
2391.0,56.55518810360536
2392.0,72.34382099149921
2393.0,43.13399059429065
2394.0,62.55386864154076
2395.0,50.74059683333297
2396.0,42.71775837154031
2397.0,31.467411238356576
2398.0,33.037639449148934
2399.0,56.52786431767025
2400.0,27.259615509437033
2401.0,34.59791347393063
2402.0,63.125305853417416
2403.0,63.921780792993914
2404.0,50.40868405826562
2405.0,65.20478162402362
2406.0,32.07985058407977
2407.0,68.40182116288234
2408.0,56.67013033753315
2409.0,44.54807509100369
2410.0,68.29727836869807
2411.0,53.83950660142295
2412.0,28.383282807487436
2413.0,23.408502937678946
2414.0,37.46157579180232
2415.0,32.96506567591872
2416.0,41.944146650343185
2417.0,25.266105507818136
2418.0,69.836737610133
2419.0,50.56586618790303
2420.0,50.102815086525396
2421.0,74.39147647725125
2422.0,35.77822978039016
2423.0,62.81197547818366
2424.0,67.27540788326397
2425.0,65.02172519491431
2426.0,51.449132465818934
2427.0,38.799102368036074
2428.0,58.43882765698424
2429.0,47.07078790957067
2430.0,54.38898042360296
2431.0,93.53495066308031
2432.0,86.07345315349338
2433.0,31.687896852427762
2434.0,37.245136314818765
2435.0,51.62390758097718
2436.0,60.99966078137604
2437.0,21.250971371414753
2438.0,70.13930488304456
2439.0,55.78973335640051
2440.0,26.899725529129224
2441.0,53.080425520615364
2442.0,34.981850462806825
2443.0,38.143149574921814
2444.0,46.72414610009986
2445.0,33.648725617184226
2446.0,73.49839119382482
2447.0,70.71707365926211
2448.0,39.66938668094362
2449.0,61.306516320022936
2450.0,30.03137625951108
2451.0,37.844947785979556
2452.0,68.49438789131729
2453.0,23.701295365529358
2454.0,42.502431001472225
2455.0,29.19896755125101
2456.0,48.25489276075436
2457.0,39.07324925201539
2458.0,49.64754669069673
2459.0,37.25123190430831
2460.0,43.981975292022064
2461.0,71.92287928593186
2462.0,56.67185840862908
2463.0,52.89891304333788
2464.0,48.794171645474385
2465.0,33.620280227775176
2466.0,70.26235601224896
2467.0,33.682886609560065
2468.0,57.67243949965104
2469.0,67.06935434646188
2470.0,79.30881375352298
2471.0,57.96969246689905
2472.0,27.090444431332262
2473.0,27.619091254179818
2474.0,27.389103365661217
2475.0,57.79590017362942
2476.0,31.287875191797212
2477.0,68.8945539054079
2478.0,66.25977264989574
2479.0,32.1077772692724
2480.0,21.390928861520916
2481.0,70.00814512473401
2482.0,30.83160453527253
2483.0,31.419146805235943
2484.0,35.28518903865868
2485.0,24.272069733082052
2486.0,68.33620276979644
2487.0,43.16923218230738
2488.0,67.76994596318085
2489.0,37.74009781984856
2490.0,25.07460703975542
2491.0,49.408889318020016
2492.0,42.90952932694319
2493.0,65.4059309147319
2494.0,52.633483823900775
2495.0,54.828339039785064
2496.0,46.91893438649118
2497.0,74.18236905292429
2498.0,48.0350284659595
2499.0,31.18675280649377
2500.0,43.88911778497732
2501.0,40.717099002149034
2502.0,29.558426491315803
2503.0,30.336925570714527
2504.0,62.75427433783862
2505.0,75.48297385901789
2506.0,71.47322455138585
2507.0,27.56232844168815
2508.0,39.8075817464848
2509.0,52.53970141489842
2510.0,69.78649319820741
2511.0,19.80955311966893
2512.0,51.39391143712003
2513.0,30.714269047981315
2514.0,32.351162266629665
2515.0,27.39519751958758
2516.0,75.0132875200379
2517.0,54.2637370078012
2518.0,74.95925551291026
2519.0,57.03205156630825
2520.0,44.77215558504513
2521.0,40.7259665840964
2522.0,32.82295911797315
2523.0,35.21982948318038
2524.0,66.81371611366278
2525.0,32.53837020792015
2526.0,23.3656165341738
2527.0,25.761677160421907
2528.0,71.11980705486947
2529.0,44.185038742912575
2530.0,70.33305212712894
2531.0,65.3128880286563
2532.0,36.89667793063506
2533.0,71.06813020673688
2534.0,31.00060192881516
2535.0,39.64193397389223
2536.0,34.264899641166735
2537.0,32.10956400430655
2538.0,33.27951336889518
2539.0,31.742763387756643
2540.0,34.71975136216428
2541.0,45.29058066205419
2542.0,24.75337812972112
2543.0,21.049097613107044
2544.0,33.03459287494563
2545.0,68.47405781936202
2546.0,26.5904578584684
2547.0,74.77051446320029
2548.0,54.81127727784126
2549.0,37.29253940574167
2550.0,42.76499084919427
2551.0,40.2311106691264
2552.0,39.47927037253944
2553.0,38.14873645870387
2554.0,29.999536217916404
2555.0,86.71735726216424
2556.0,42.790439774932395
2557.0,73.63696226302886
2558.0,68.23908861707963
2559.0,57.99629804270005
2560.0,64.84724996325107
2561.0,39.07007898481881
2562.0,62.85073169710471
2563.0,71.45891634123751
2564.0,22.997797637417737
2565.0,71.23858703343458
2566.0,43.31228306029161
2567.0,35.104073520184826
2568.0,27.455805380061545
2569.0,27.647135394068467
2570.0,27.456841244603936
2571.0,33.29422070392156
2572.0,69.2450939445419
2573.0,58.09805437101581
2574.0,66.46175734097575
2575.0,53.47405162062628
2576.0,36.8961747060575
2577.0,66.12986107550553
2578.0,62.83134416261063
2579.0,25.645462894921174
2580.0,35.04367370011637
2581.0,31.417796560194834
2582.0,24.066861895649176
2583.0,53.99513621498275
2584.0,75.18846625626742
2585.0,49.997624751620876
2586.0,64.70266704082592
2587.0,81.17894743307048
2588.0,67.65631056811856
2589.0,51.450644561969625
2590.0,23.108712777423182
2591.0,66.03846186286373
2592.0,31.419783086065706
2593.0,63.66271993577676
2594.0,62.026835675541015
2595.0,66.63961870204116
2596.0,58.47638883435397
2597.0,55.53939603933517
2598.0,44.52280682796803
2599.0,24.009019571994692
2600.0,46.57971908136088
2601.0,29.944823658839294
2602.0,25.326435150372728
2603.0,62.403024078153614
2604.0,41.50269150590846
2605.0,34.18027485138593
2606.0,55.754654832136765
2607.0,69.1021565126019
2608.0,49.071677631657685
2609.0,64.79509178299607
2610.0,40.3465042888528
2611.0,56.64043504885229
2612.0,74.16671039849771
2613.0,38.47827779280463
2614.0,47.63553300275831
2615.0,23.289456986612226
2616.0,33.54941160645973
2617.0,10.429746770942552
2618.0,71.46183959390557
2619.0,52.37787452760781
2620.0,60.561208244434496
2621.0,70.0294589350747
2622.0,63.53992654650067
2623.0,64.80112547156773
2624.0,45.33468791409373
2625.0,36.33886898204308
2626.0,38.209983871615414
2627.0,32.835092284344476
2628.0,70.43278580582694
2629.0,36.76113931585369
2630.0,38.55717024553236
2631.0,32.63355815102672
2632.0,73.25970925662436
2633.0,33.500451654551895
2634.0,54.013086357517025
2635.0,63.285532491727714
2636.0,60.55732998079206
2637.0,62.396851432431085
2638.0,31.89016762600531
2639.0,35.75757681507111
2640.0,59.78116851892534
2641.0,30.053098481977035
2642.0,37.275506276995195
2643.0,48.47799182723002
2644.0,67.0091890129802
2645.0,28.781973189789
2646.0,63.263972618652744
2647.0,46.91332417823628
2648.0,57.759339897561325
2649.0,26.697313017324724
2650.0,62.244717103717484
2651.0,32.1566122916233
2652.0,29.871772244462885
2653.0,24.52426725669606
2654.0,28.197505160707447
2655.0,63.08164743131064
2656.0,70.34823483287853
2657.0,67.660956850379
2658.0,58.96692796259657
2659.0,31.862134732602946
2660.0,31.083628234055887
2661.0,25.64928764328352
2662.0,51.535133178185376
2663.0,69.94110397345133
2664.0,71.86248030904298
2665.0,47.46457947657411
2666.0,70.88582508576772
2667.0,34.644546998314766
2668.0,41.523603478414714
2669.0,43.2584309070464
2670.0,35.515908447466096
2671.0,60.26443979521657
2672.0,56.71982866824709
2673.0,26.908186871865137
2674.0,73.76145192395481
2675.0,46.94534138548618
2676.0,47.09974883706012
2677.0,71.5861365546743
2678.0,43.39795175243369
2679.0,59.986743692853246
2680.0,28.602224121138207
2681.0,49.55546384060736
2682.0,35.404602388129135
2683.0,27.648050119860866
2684.0,58.49154609919828
2685.0,73.49412456802455
2686.0,36.38952209708629
2687.0,45.86512824474875
2688.0,36.754363474958836
2689.0,66.88277697332734
2690.0,60.153289113145156
2691.0,40.41531400421834
2692.0,39.86162443467393
2693.0,39.927952089904316
2694.0,52.175816042019655
2695.0,29.455368364858376
2696.0,61.54661542891943
2697.0,48.13319472617321
2698.0,68.80401727105487
2699.0,40.660543994749965
2700.0,33.38461805458929
2701.0,32.86683769500611
2702.0,49.383981872892846
2703.0,52.6088500799462
2704.0,85.74641639353342
2705.0,86.7930151406871
2706.0,50.83774510231199
2707.0,64.5011016518057
2708.0,30.581370204767808
2709.0,31.368092762966448
2710.0,61.47925711488023
2711.0,37.29619547557251
2712.0,41.73209129624971
2713.0,46.43027853425374
2714.0,67.32695804065649
2715.0,67.4529493604751
2716.0,67.44786229044314
2717.0,21.36918083072083
2718.0,47.94740089096904
2719.0,21.729626475792074
2720.0,30.568341064534607
2721.0,30.447768124286664
2722.0,69.48377697337277
2723.0,29.438018329227102
2724.0,64.39126813413746
2725.0,39.76665709945776
2726.0,70.34287616062431
2727.0,25.55457624564913
2728.0,47.235669388654834
2729.0,44.26797356684104
2730.0,37.608793505017424
2731.0,36.61110576072737
2732.0,49.020057492031086
2733.0,43.140443431533335
2734.0,28.951173097747034
2735.0,71.81770275591884
2736.0,71.68360743316894
2737.0,43.461598845842104
2738.0,22.157239244766306
2739.0,71.57982044738067
2740.0,63.05968447568882
2741.0,23.51598957929
2742.0,46.1870389838613
2743.0,43.147825136689185
2744.0,48.913219369527184
2745.0,47.067262004597794
2746.0,49.505846976701704
2747.0,73.34681755541322
2748.0,53.358164407965546
2749.0,50.65264969813255
2750.0,45.377000119118065
2751.0,66.5208354684266
2752.0,54.63373947954692
2753.0,45.60154502377455
2754.0,40.30009765726787
2755.0,52.86130552330418
2756.0,26.064728280799457
2757.0,67.17373197930412
2758.0,70.97268729763518
2759.0,32.31501074421899
2760.0,39.565679064333146
2761.0,38.81116299758161
2762.0,42.769745142459705
2763.0,28.37663397878729
2764.0,59.84650498853036
2765.0,63.78093969801858
2766.0,73.10775959007378
2767.0,81.30840287273318
2768.0,57.70390352767586
2769.0,34.78678418836651
2770.0,26.986949366072285
2771.0,36.34962794603622
2772.0,52.72611891693224
2773.0,68.20163232267313
2774.0,41.75580988612136
2775.0,40.20827201595794
2776.0,69.48304839985035
2777.0,38.278338022565535
2778.0,37.116653062258884
2779.0,68.14426244359204
2780.0,33.16996580847496
2781.0,66.83521247881436
2782.0,40.663365827195484
2783.0,72.42116674657439
2784.0,61.93718921397921
2785.0,40.87511169578612
2786.0,70.61798518852981
2787.0,73.15360961648665
2788.0,35.624599284914
2789.0,76.03464769125328
2790.0,70.69983941937643
2791.0,48.37777766484224
2792.0,40.31330913856855
2793.0,45.25455021705156
2794.0,67.58198850553804
2795.0,40.88454777581103
2796.0,42.098413233230936
2797.0,29.96072264774479
2798.0,24.82217691385527
2799.0,72.52440872009689
2800.0,46.37661768029519
2801.0,56.44513567238506
2802.0,46.86050231952292
2803.0,69.87933672179611
2804.0,44.51733427491379
2805.0,28.34287236825233
2806.0,84.46256260133858
2807.0,41.245532758323876
2808.0,46.889872894795495
2809.0,59.34968500725463
2810.0,39.56499294617823
2811.0,69.54882563560388
2812.0,37.053532563320694
2813.0,72.8492738323766
2814.0,49.03631577236037
2815.0,31.78725104002386
2816.0,63.00935832669259
2817.0,44.54864917261832
2818.0,35.16928040441734
2819.0,29.441885768459766
2820.0,61.37411658988592
2821.0,60.480883079597874
2822.0,27.48060605692363
2823.0,42.47029110977701
2824.0,30.47752820095701
2825.0,33.42392747928689
2826.0,76.8028548957871
2827.0,46.40767303071683
2828.0,40.706280446078146
2829.0,66.98971809244617
2830.0,28.027037231117088
2831.0,60.206678889151185
2832.0,67.65382066386125
2833.0,42.843874443832014
2834.0,71.45343171094983
2835.0,36.23447024561662
2836.0,27.720510397370937
2837.0,65.68016437572575
2838.0,55.57759228411371
2839.0,75.06857933184234
2840.0,65.08322361024346
2841.0,25.504579132039947
2842.0,57.373042792440906
2843.0,70.5887399026984
2844.0,32.298199890239204
2845.0,40.98378463596592
2846.0,52.89426567049482
2847.0,69.38527084278402
2848.0,48.947281435048176
2849.0,65.18827618454245
2850.0,47.134674622954584
2851.0,67.43180656419251
2852.0,57.34742376559637
2853.0,39.16403485518558
2854.0,31.964858576892205
2855.0,54.98988566081578
2856.0,72.88254776172701
2857.0,65.80784195473446
2858.0,55.37406008684109
2859.0,37.10206137408238
2860.0,40.780644575863725
2861.0,39.39132437844282
2862.0,26.192961137998342
2863.0,60.717846662739646
2864.0,38.12402585323041
2865.0,27.926836182257347
2866.0,61.885040244743315
2867.0,23.789338065768494
2868.0,52.32731391542882
2869.0,36.46314803146953
2870.0,26.868176959379728
2871.0,24.85497718548545
2872.0,74.1830877334458
2873.0,15.113996476929401
2874.0,72.53517243081278
2875.0,39.769840139103756
2876.0,34.33889094608324
2877.0,40.78536134300883
2878.0,62.11936479914315
2879.0,57.65721724276091
2880.0,49.303527518849656
2881.0,63.102759360487845
2882.0,78.63742784795045
2883.0,43.80432786986737
2884.0,75.3689522912461
2885.0,49.876249546311854
2886.0,33.157874530191286
2887.0,31.339437430481496
2888.0,59.33456467029519
2889.0,24.960677973098136
2890.0,39.71341379366703
2891.0,48.21144383887851
2892.0,33.121640284226544
2893.0,81.68707197985646
2894.0,28.017664416731677
2895.0,46.66992499880421
2896.0,35.55612911324019
2897.0,27.501403447287384
2898.0,65.62773037831757
2899.0,38.01939093918139
2900.0,39.170206990720246
2901.0,34.601048086709774
2902.0,32.96089659227468
2903.0,75.43281494153693
2904.0,35.77778818804764
2905.0,53.932987130587364
2906.0,43.339040360808276
2907.0,37.52910363501693
2908.0,54.810992861994436
2909.0,67.47836459636784
2910.0,47.91883098181291
2911.0,66.0040506043974
2912.0,64.85337291282322
2913.0,40.68564115235949
2914.0,43.723856688558726
2915.0,68.19042148581481
2916.0,47.05592597456121
2917.0,27.14600407295319
2918.0,28.94256616718344
2919.0,41.06868231813333
2920.0,23.000794120544278
2921.0,18.774072753887424
2922.0,17.81623375867737
2923.0,63.9983085558758
2924.0,27.9728683757019
2925.0,41.930639333149976
2926.0,27.53944910504854
2927.0,61.99643738764399
2928.0,43.248371231747434
2929.0,36.512023858551125
2930.0,47.30401060678809
2931.0,34.29056156817836
2932.0,28.27424904285113
2933.0,42.081971449288545
2934.0,41.829365975812784
2935.0,47.63740818924246
2936.0,76.29259289845604
2937.0,23.68813186654669
2938.0,66.62701118249616
2939.0,36.050527645659805
2940.0,29.40793359270534
2941.0,28.74762493202137
2942.0,57.87401510410221
2943.0,36.80324804774586
2944.0,73.92170594534106
2945.0,61.96011909472753
2946.0,50.33330522140036
2947.0,33.852160492669746
2948.0,21.971678788206383
2949.0,55.93357898684803
2950.0,29.241966305930543
2951.0,37.63547077001451
2952.0,68.90696286070406
2953.0,29.095157424270436
2954.0,45.085750274106545
2955.0,36.31589587236064
2956.0,52.666696985531544
2957.0,65.37760259959335
2958.0,27.22245692708189
2959.0,22.47899428937074
2960.0,41.024894124639744
2961.0,47.90997509931883
2962.0,75.38962338733946
2963.0,37.72338064532735
2964.0,25.772646804886055
2965.0,67.8174647581903
2966.0,78.52735462087914
2967.0,32.69314238922581
2968.0,51.36303913797779
2969.0,34.0145719114545
2970.0,27.414425647523267
2971.0,31.90278692544536
2972.0,39.667982974794626
2973.0,33.78637437024778
2974.0,35.1484205531243
2975.0,32.57004441580692
2976.0,34.244927155475935
2977.0,43.27216109818176
2978.0,32.19767827926934
2979.0,26.081854189265954
2980.0,57.85787337487287
2981.0,71.97313341237981
2982.0,71.71982686527592
2983.0,62.19755163362304
2984.0,37.88000791907248
2985.0,47.3038454086888
2986.0,49.04408560968939
2987.0,34.52846712432315
2988.0,73.38764809213522
2989.0,75.28192002743211
2990.0,70.75319548020137
2991.0,25.30221234184657
2992.0,70.57926200645076
2993.0,44.92320515565097
2994.0,68.99724960411253
2995.0,30.98961455010177
2996.0,49.130339857432375
2997.0,37.852582579977415
2998.0,72.3672490842905
2999.0,38.04554452262177
3000.0,77.97767019035012
3001.0,80.55593882980611
3002.0,47.21204913624656
3003.0,33.71681561505924
3004.0,43.74605842823727
3005.0,26.740158279153732
3006.0,22.975788311735343
3007.0,74.49478231234032
3008.0,29.79223492895362
3009.0,34.17593300297125
3010.0,41.09024012761971
3011.0,68.26089912716394
3012.0,66.60926606181965
3013.0,58.168055671936564
3014.0,40.05994452858644
3015.0,70.34116959326576
3016.0,71.26306432067473
3017.0,69.89628797878878
3018.0,35.264536032119196
3019.0,34.907408430758764
3020.0,40.39015889712563
3021.0,34.96237514263018
3022.0,54.27252895299146
3023.0,50.629532165665815
3024.0,69.44424732208256
3025.0,62.3440881620717
3026.0,54.284516159858356
3027.0,26.6332153511617
3028.0,44.33695636470252
3029.0,47.90190290401956
3030.0,73.2179645917358
3031.0,30.44246647130281
3032.0,45.925280661228705
3033.0,25.224781361260327
3034.0,57.75890972519299
3035.0,68.12177126987122
3036.0,65.88019909489118
3037.0,29.827845001579092
3038.0,70.69022560452588
3039.0,26.730150782065113
3040.0,66.30539296249617
3041.0,75.35600768022972
3042.0,36.22120698739168
3043.0,34.46400354688031
3044.0,41.53943908677059
3045.0,58.5252902949148
3046.0,46.196670464103164
3047.0,44.0143586490232
3048.0,31.525731499872002
3049.0,30.44961434439126
3050.0,24.839697566392427
3051.0,36.83592310809491
3052.0,73.23281426666085
3053.0,47.60411711074418
3054.0,60.598846380117784
3055.0,73.77341971674738
3056.0,40.76548772207244
3057.0,31.715789397006144
3058.0,41.135838253309785
3059.0,90.65441857323533
3060.0,51.78414959552005
3061.0,72.34624688808783
3062.0,36.15103241338223
3063.0,30.404320433128806
3064.0,30.566741964016295
3065.0,77.13360339224101
3066.0,36.69454877331214
3067.0,63.662671090862354
3068.0,30.346564182626377
3069.0,38.0343145552258
3070.0,25.268567822337094
3071.0,34.46053344322417
3072.0,70.79924480774184
3073.0,26.14729673517211
3074.0,59.59206697542451
3075.0,32.42728578634265
3076.0,45.23387260852681
3077.0,54.848149634677455
3078.0,56.98059881117297
3079.0,67.58359452776351
3080.0,25.330851897247975
3081.0,33.974856536240615
3082.0,75.90428479679302
3083.0,57.55767586722906
3084.0,58.31025721057556
3085.0,40.95051998810364
3086.0,29.22084263567947
3087.0,26.272209055827826
3088.0,43.770215815796554
3089.0,46.05170466896592
3090.0,58.504583601194
3091.0,58.58501730585187
3092.0,34.90835617301803
3093.0,68.80781821983727
3094.0,30.874412489249877
3095.0,62.77308634357166
3096.0,72.48154255606718
3097.0,38.061027196772116
3098.0,31.775981770614887
3099.0,54.62464856030705
3100.0,36.90670415895469
3101.0,67.29433136057926
3102.0,36.04196727384074
3103.0,61.20934189767168
3104.0,42.42011576912456
3105.0,35.324529092943436
3106.0,62.028456475098565
3107.0,46.249929854425375
3108.0,80.12336511472478
3109.0,71.56218453731273
3110.0,66.18942295840931
3111.0,69.23021121625898
3112.0,45.8314087176609
3113.0,37.84018523785651
3114.0,39.492354368378756
3115.0,23.214015415630843
3116.0,48.78097716175103
3117.0,38.08599695141332
3118.0,42.20534565242877
3119.0,62.07751012520474
3120.0,53.446170766589354
3121.0,47.639888434835825
3122.0,45.257936580443285
3123.0,33.05597768845996
3124.0,51.77457244140662
3125.0,47.2924369929273
3126.0,26.82907077992678
3127.0,44.45928145615131
3128.0,36.595132421914045
3129.0,33.5949551298781
3130.0,23.67113912256164
3131.0,53.18640388130351
3132.0,23.04341603199205
3133.0,73.9571750222142
3134.0,72.34408030487766
3135.0,50.266092866328115
3136.0,78.59759458836298
3137.0,34.81921731230438
3138.0,33.14592470022211
3139.0,39.42824841904869
3140.0,24.056768102134452
3141.0,65.68135316043286
3142.0,55.43541740872711
3143.0,43.778867784409144
3144.0,52.85709383466026
3145.0,26.019598364990095
3146.0,28.546658844246664
3147.0,44.719889360805695
3148.0,21.78742606139235
3149.0,40.26568251251469
3150.0,77.19564914599592
3151.0,37.019962748274814
3152.0,32.32910618531448
3153.0,37.85384416308131
3154.0,37.32177079388602
3155.0,57.954827199884974
3156.0,27.046352378961277
3157.0,18.386156340338115
3158.0,33.17182927525098
3159.0,36.27891575021425
3160.0,71.12375923582785
3161.0,31.67726108434148
3162.0,58.85518437510003
3163.0,54.30176678143928
3164.0,22.904924842367834
3165.0,58.158213680239506
3166.0,67.9717144599776
3167.0,43.4876841107143
3168.0,43.160363366719885
3169.0,27.999657823943735
3170.0,45.92629327323218
3171.0,30.397070482798803
3172.0,53.84195111412825
3173.0,29.444773300883966
3174.0,33.73050273977134
3175.0,49.30037679950061
3176.0,21.309502743181785
3177.0,71.03511294538481
3178.0,43.80495041898692
3179.0,53.794269175763745
3180.0,33.92439152128724
3181.0,73.81981484965998
3182.0,33.25958597670221
3183.0,38.07284842015669
3184.0,28.74778409404281
3185.0,27.931631302119676
3186.0,32.053023562360096
3187.0,71.13383553915367
3188.0,32.60793142133512
3189.0,41.12446661230519
3190.0,67.18408251051736
3191.0,66.75569529109463
3192.0,44.28888890857721
3193.0,79.22889538088516
3194.0,73.2612343370786
3195.0,29.16356830725784
3196.0,28.283338999889565
3197.0,56.56226781220434
3198.0,73.61277296362846
3199.0,76.64526480044353
3200.0,41.299122796945994
3201.0,20.820691625467962
3202.0,23.958095893335898
3203.0,52.01369204504538
3204.0,65.55180851576883
3205.0,62.57177016152013
3206.0,39.46287725381254
3207.0,19.5335489249984
3208.0,30.396578729303048
3209.0,61.99688418239341
3210.0,53.810955854656946
3211.0,40.67658098424365
3212.0,61.691949295228405
3213.0,70.16551896385151
3214.0,23.416016776959598
3215.0,29.475498116051643
3216.0,25.493826442882398
3217.0,45.338111981215725
3218.0,36.19814198766514
3219.0,68.65059578358284
3220.0,71.59718579696619
3221.0,65.60590084006267
3222.0,38.75525743431012
3223.0,43.59164723384543
3224.0,34.76570622474815
3225.0,32.21180723631355
3226.0,27.55691770589364
3227.0,60.797541759008375
3228.0,73.44368773204971
3229.0,39.833371982381536
3230.0,32.364731656138
3231.0,31.9453678575942
3232.0,33.652616293315326
3233.0,70.8836230249144
3234.0,36.076492583702745
3235.0,40.99639862199309
3236.0,47.72474756403721
3237.0,59.66007148708065
3238.0,54.58934298756827
3239.0,26.27799551096113
3240.0,31.561172627847043
3241.0,31.86228526872029
3242.0,66.78727488232067
3243.0,34.37676889881405
3244.0,32.821824720646596
3245.0,37.09398891515749
3246.0,73.70629060767325
3247.0,55.76774466726696
3248.0,57.87098498852149
3249.0,62.46770937996548
3250.0,65.09211811517744
3251.0,59.29412733466799
3252.0,32.91605346033333
3253.0,88.57787391838664
3254.0,70.2209009457934
3255.0,44.96229699911546
3256.0,73.88552864388397
3257.0,37.25018599334966
3258.0,24.35339692333661
3259.0,47.344987162870865
3260.0,56.9593812951965
3261.0,32.540157608160364
3262.0,57.57002487623061
3263.0,29.875382138568458
3264.0,28.35136058034152
3265.0,36.48043174595911
3266.0,39.23258700886225
3267.0,56.31480336348479
3268.0,68.30721086035878
3269.0,75.04305300819682
3270.0,59.618085128658265
3271.0,32.92955236499731
3272.0,66.71861430792511
3273.0,34.7922657875994
3274.0,29.452627196215058
3275.0,35.75825838576794
3276.0,55.681942954090786
3277.0,82.19912455046676
3278.0,42.012209452973764
3279.0,22.86802575847515
3280.0,72.92287172780941
3281.0,72.32958608111197
3282.0,67.16132092022765
3283.0,24.87395075383091
3284.0,31.649286507183042
3285.0,54.17136177740207
3286.0,36.17424204593064
3287.0,34.41505850997831
3288.0,30.666712390340326
3289.0,55.47428377492626
3290.0,68.65336261402476
3291.0,67.64740253815376
3292.0,30.685013576335216
3293.0,76.1159163083521
3294.0,51.41333530859926
3295.0,28.949011663993197
3296.0,42.514802924270576
3297.0,59.842177677395284
3298.0,70.68466089528859
3299.0,60.89200579725194
3300.0,65.50309166049593
3301.0,76.8677062408714
3302.0,77.51454016708978
3303.0,25.220703102530535
3304.0,32.368333544209165
3305.0,71.20242272967687
3306.0,56.68769681220318
3307.0,42.91735377692431
3308.0,31.0855654770392
3309.0,30.695902475345665
3310.0,20.86404250692681
3311.0,64.18112416026423
3312.0,30.876750041251988
3313.0,50.89641082489277
3314.0,37.21358067539529
3315.0,49.367285636382434
3316.0,63.05652733522185
3317.0,62.72680234705585
3318.0,28.416301453198717
3319.0,30.962439295584957
3320.0,39.487783170455735
3321.0,27.050018502580663
3322.0,67.4542630511985
3323.0,30.306519459257707
3324.0,65.57994842721266
3325.0,36.788292591262405
3326.0,49.378651239403624
3327.0,26.999507738998503
3328.0,68.7776557789613
3329.0,69.3486027010314
3330.0,75.66023542710569
3331.0,35.58859116246974
3332.0,51.25211756473689
3333.0,60.60360102716423
3334.0,67.97877613803097
3335.0,35.73518154579658
3336.0,38.728966177644295
3337.0,71.19305574704595
3338.0,59.467322730586936
3339.0,21.939449001643037
3340.0,43.52318614895341
3341.0,38.25880813218345
3342.0,86.92840234321012
3343.0,65.54192475320924
3344.0,73.62060477005632
3345.0,64.44465768569584
3346.0,56.44208811526494
3347.0,34.15177526299771
3348.0,31.04230812539777
3349.0,25.1343140050332
3350.0,61.487567142320685
3351.0,52.386240173821086
3352.0,65.10008322602113
3353.0,30.41988186678048
3354.0,32.60924731418943
3355.0,27.722953708185692
3356.0,67.61484708633634
3357.0,63.26942752835874
3358.0,50.628448624489316
3359.0,42.16440342148448
3360.0,45.69373616489737
3361.0,60.28585735231108
3362.0,56.9443298215919
3363.0,75.48494983982525
3364.0,39.150784140490394
3365.0,47.98555222170349
3366.0,29.30769468648367
3367.0,52.223283664634344
3368.0,39.389265908007815
3369.0,48.529032979854954
3370.0,36.54272908410798
3371.0,29.488941213163685
3372.0,39.80324872821017
3373.0,59.46099818285518
3374.0,24.107498646552862
3375.0,55.66597543831724
3376.0,46.28371004311096
3377.0,76.41876210796282
3378.0,52.40136360190209
3379.0,29.2886308678227
3380.0,35.35919740297911
3381.0,36.65806018812221
3382.0,67.16345531623402
3383.0,31.303337990164934
3384.0,31.137494653202243
3385.0,30.018836710345134
3386.0,27.90410937523084
3387.0,63.249782799594534
3388.0,57.097542400294
3389.0,31.768720776368546
3390.0,43.08090311107424
3391.0,29.310541261020575
3392.0,24.28920371130961
3393.0,79.49370217401511
3394.0,70.32028231712991
3395.0,65.47515408863002
3396.0,37.92973283590273
3397.0,34.407729963660294
3398.0,35.09107063586218
3399.0,61.43857424156684
3400.0,30.646690651725816
3401.0,41.732372231167375
3402.0,59.66821511105379
3403.0,41.79918863612417
3404.0,58.37349477421187
3405.0,78.76399928771329
3406.0,40.958408454158786
3407.0,29.626701391989343
3408.0,31.570616111948596
3409.0,71.66480700297734
3410.0,56.06909012820345
3411.0,54.50267501588165
3412.0,47.576475712483095
3413.0,40.793409373705174
3414.0,44.95456598351818
3415.0,31.192270602431318
3416.0,69.97425280969779
3417.0,70.4594824744484
3418.0,28.750985969929044
3419.0,35.32415635803805
3420.0,69.60337833865755
3421.0,33.22190979412598
3422.0,52.5857303409168
3423.0,44.87234784029381
3424.0,47.08325697157279
3425.0,31.50849634141992
3426.0,59.22692808361269
3427.0,27.626936440001398
3428.0,33.762637586974414
3429.0,50.088858197581786
3430.0,27.855005232168594
3431.0,68.68242495416534
3432.0,47.32958131589426
3433.0,53.948666260450544
3434.0,38.02124436700143
3435.0,73.0985827968297
3436.0,44.88810869243545
3437.0,51.3983716727875
3438.0,20.01996703499014
3439.0,73.1039441571971
3440.0,39.08538066016453
3441.0,43.09412239217171
3442.0,30.000674458663983
3443.0,29.238815658735913
3444.0,69.1151396672987
3445.0,36.667669611506355
3446.0,24.862077103701516
3447.0,46.40399722758406
3448.0,54.40590104895176
3449.0,46.22994533441092
3450.0,22.77225585684856
3451.0,38.12862382389866
3452.0,49.943612124011246
3453.0,43.23377322285676
3454.0,71.10262898900397
3455.0,34.111507039506925
3456.0,44.19647961526382
3457.0,67.45148305208808
3458.0,61.18104616923035
3459.0,44.22663881692937
3460.0,27.017259404644875
3461.0,33.0751642009508
3462.0,66.1141822722317
3463.0,72.06205952416737
3464.0,33.102347001103084
3465.0,29.84603820243464
3466.0,81.28646653861409
3467.0,55.09643033931624
3468.0,37.84613716960361
3469.0,28.84093906755012
3470.0,31.311390560013056
3471.0,45.37982294746627
3472.0,55.25749584186526
3473.0,60.57419148401962
3474.0,67.57245190032985
3475.0,70.49457027003241
3476.0,33.00779026843692
3477.0,51.33376228028733
3478.0,48.701573934921406
3479.0,34.09283042380863
3480.0,33.695410703271904
3481.0,28.82321905714612
3482.0,34.82623982330003
3483.0,57.251087710033524
3484.0,30.517090681342257
3485.0,62.75777850210716
3486.0,43.846186416813296
3487.0,27.08154745545417
3488.0,27.284670042991372
3489.0,70.91530215032124
3490.0,63.34736592252714
3491.0,41.794560526285935
3492.0,56.23685770372519
3493.0,72.28962898615713
3494.0,30.61869199421301
3495.0,43.19956885843048
3496.0,33.64965928003794
3497.0,26.006108767375377
3498.0,43.36458835352803
3499.0,49.85598027302494
3500.0,35.01455082307316
3501.0,27.745710549218057
3502.0,74.37973424981759
3503.0,55.814516411881826
3504.0,35.54258937500806
3505.0,43.274415496971926
3506.0,68.90560123183768
3507.0,30.057634677904684
3508.0,29.176133404292738
3509.0,33.20181823194646
3510.0,32.32765144603042
3511.0,57.508129178703065
3512.0,29.88204318866112
3513.0,27.579609784340555
3514.0,22.66055705277576
3515.0,73.64027283760602
3516.0,72.06498560155356
3517.0,30.0148372454393
3518.0,33.378906731829055
3519.0,71.56243982541899
3520.0,75.17238638885314
3521.0,40.52234657556475
3522.0,49.35225193997178
3523.0,33.22418774288751
3524.0,53.54755687618457
3525.0,29.593699530172554
3526.0,24.900933952478205
3527.0,35.09797194549317
3528.0,28.641732540259316
3529.0,46.7444635309587
3530.0,67.02733837941555
3531.0,28.052118162989533
3532.0,56.80099984495039
3533.0,42.50656916848475
3534.0,31.275370431476897
3535.0,68.47575623371692
3536.0,50.25777263223142
3537.0,23.677501117224946
3538.0,30.47304685513936
3539.0,35.82758096756995
3540.0,39.67160170724283
3541.0,36.852787925987364
3542.0,41.8641768463518
3543.0,51.57880402316888
3544.0,35.92809296268245
3545.0,81.79627342167998
3546.0,57.75038052665598
3547.0,55.39801771474262
3548.0,28.012557874640763
3549.0,62.77842784136055
3550.0,44.3262131247765
3551.0,35.82270635774098
3552.0,42.8340356234546
3553.0,53.64676689486613
3554.0,33.770170373443015
3555.0,49.38624307603213
3556.0,48.483100532631774
3557.0,58.7063687381374
3558.0,70.70121521894283
3559.0,45.30590978065901
3560.0,73.47480019642076
3561.0,35.749387172597686
3562.0,78.29201730542654
3563.0,30.094556145214195
3564.0,38.90037670879606
3565.0,55.6126964649617
3566.0,45.14717262100251
3567.0,49.16502627889754
3568.0,25.40205008319172
3569.0,56.373055111635395
3570.0,43.70726446807569
3571.0,49.71912660434628
3572.0,40.82160757318736
3573.0,53.04510754660454
3574.0,64.24801773512235
3575.0,53.6829335843127
3576.0,54.54428224158676
3577.0,52.098632714270956
3578.0,32.57761465983774
3579.0,37.56955070711647
3580.0,67.63666314631361
3581.0,40.58408867116154
3582.0,29.263359088826064
3583.0,32.227677975478265
3584.0,46.51086642018417
3585.0,26.006731653877385
3586.0,78.19174027702259
3587.0,70.89173606767709
3588.0,60.09546904291306
3589.0,70.4581773100419
3590.0,41.260689244569825
3591.0,76.58633804911969
3592.0,73.66321485598667
3593.0,23.163923808780456
3594.0,26.610531282166942
3595.0,52.88620604626538
3596.0,24.28959732822581
3597.0,36.2254317772011
3598.0,29.58697698370095
3599.0,75.01048130163417
3600.0,73.77913025786543
3601.0,37.81812705205893
3602.0,44.44142037629193
3603.0,69.24960638852126
3604.0,41.008111231427705
3605.0,67.75322901051312
3606.0,29.92663916490569
3607.0,34.97179718937197
3608.0,63.52139015470435
3609.0,40.669395371164384
3610.0,34.07581089445566
3611.0,46.73321215371559
3612.0,55.14018995070535
3613.0,62.60712047971167
3614.0,46.73611307879142
3615.0,61.05433108228744
3616.0,34.376761466421556
3617.0,61.095810984930644
3618.0,33.10255300678511
3619.0,40.5526856212314
3620.0,58.13464150356773
3621.0,54.579360499439716
3622.0,42.22653994776053
3623.0,54.34825419484655
3624.0,46.633360100483344
3625.0,30.709258201535715
3626.0,44.60915617615
3627.0,53.62236741744149
3628.0,31.30067305192633
3629.0,65.72852040941028
3630.0,68.00310172453992
3631.0,35.03284140098347
3632.0,46.56896015904126
3633.0,23.64212107932547
3634.0,71.36097418849657
3635.0,48.354772476000036
3636.0,51.67431128545771
3637.0,56.828652011429064
3638.0,59.40301196403376
3639.0,77.57919622846948
3640.0,37.90536245459496
3641.0,55.65249989751129
3642.0,41.326753788581726
3643.0,53.98320840213967
3644.0,33.64434474007181
3645.0,44.54665955500773
3646.0,53.10231782264571
3647.0,57.704591565694194
3648.0,20.66483551595804
3649.0,35.499784831933205
3650.0,24.813115712522762
3651.0,25.70894995458536
3652.0,46.13885912103056
3653.0,31.317169820600085
3654.0,65.76134260939568
3655.0,70.5955506884901
3656.0,42.04039494100208
3657.0,31.96949250027049
3658.0,66.94356239666324
3659.0,44.82219465625333
3660.0,37.00682469932731
3661.0,67.30705217038974
3662.0,24.27975397348078
3663.0,31.985493983041287
3664.0,69.17042690419342
3665.0,34.50897575878213
3666.0,71.26803303333992
3667.0,37.600750081184884
3668.0,50.77044484466374
3669.0,31.438940925578617
3670.0,70.5555591290491
3671.0,38.716149667899586
3672.0,29.248454947136818
3673.0,46.20978536673994
3674.0,31.32831239424396
3675.0,65.91359432537368
3676.0,58.90379381127295
3677.0,64.75762946848072
3678.0,65.42833975996787
3679.0,46.477900484473395
3680.0,74.60972734754263
3681.0,46.57749072143922
3682.0,50.410957851387266
3683.0,31.438338657179962
3684.0,56.420393651943606
3685.0,30.652073827290174
3686.0,52.48250977195791
3687.0,68.5054801826179
3688.0,64.02396446644875
3689.0,63.255632256322585
3690.0,59.78485005501872
3691.0,29.262238874551297
3692.0,75.27373086855296
3693.0,26.605812984180048
3694.0,47.892838930594614
3695.0,41.09958721928559
3696.0,81.8892122265202
3697.0,55.95466965426345
3698.0,29.87336469005914
3699.0,39.4344583461862
3700.0,35.9445514465493
3701.0,49.82737021255558
3702.0,69.37958310284708
3703.0,41.23913472772925
3704.0,72.31723269544807
3705.0,72.18694539551272
3706.0,48.814764100176596
3707.0,32.07118087225492
3708.0,30.85497020031987
3709.0,64.013214454144
3710.0,44.38287854803583
3711.0,39.23244964901358
3712.0,31.587094166840377
3713.0,71.05884351049905
3714.0,67.74542240357154
3715.0,22.830463792498797
3716.0,39.5982598758907
3717.0,70.09610629729949
3718.0,66.20710605672087
3719.0,62.773513059684184
3720.0,34.928619401609524
3721.0,74.87267640632109
3722.0,54.50035073321718
3723.0,71.72512824160782
3724.0,28.68534014953466
3725.0,35.51727524363794
3726.0,39.14068302811843
3727.0,54.84731532882529
3728.0,6.266336998628731
3729.0,68.28466690658135
3730.0,34.14905898968296
3731.0,39.50462109575261
3732.0,56.44005175868661
3733.0,67.49789127394729
3734.0,58.510230538949415
3735.0,56.244600187931155
3736.0,41.01368513422948
3737.0,77.4335846232901
3738.0,68.22626993571055
3739.0,65.10160254546685
3740.0,39.71800024733501
3741.0,62.254450479334835
3742.0,66.29631085070905
3743.0,45.485442724477785
3744.0,54.41880871338807
3745.0,48.47181570579745
3746.0,67.81877078277545
3747.0,64.87983798735522
3748.0,39.12514057361536
3749.0,42.98122622529558
3750.0,37.01543717557845
3751.0,42.13734813854236
3752.0,30.80245102125904
3753.0,62.669581924941205
3754.0,58.32831494555575
3755.0,40.25742525820873
3756.0,54.993595370298415
3757.0,62.84630195830704
3758.0,40.511216920311306
3759.0,72.19104674493833
3760.0,69.50887217817339
3761.0,66.01140105530638
3762.0,35.15623678629581
3763.0,67.52260127887064
3764.0,36.617016792954786
3765.0,60.72944764939046
3766.0,53.97661634431354
3767.0,36.12635734247088
3768.0,39.77849176493045
3769.0,28.77123850320106
3770.0,30.154246460798504
3771.0,72.66875331618557
3772.0,47.47908341170375
3773.0,48.16235330699339
3774.0,34.88812341830992
3775.0,66.53513461624965
3776.0,78.4977762672978
3777.0,24.46336647731442
3778.0,74.2216319578848
3779.0,43.44690184472286
3780.0,24.811479241347826
3781.0,59.52829988413039
3782.0,37.055345367279934
3783.0,63.42149194668204
3784.0,20.503294157290053
3785.0,45.78250593819291
3786.0,53.8455594784236
3787.0,57.45041936920032
3788.0,67.77912983227314
3789.0,75.90438773683684
3790.0,39.30015764456746
3791.0,73.52652494227223
3792.0,27.76583474846567
3793.0,73.99572358065919
3794.0,52.12126099497098
3795.0,34.58109845770487
3796.0,60.083094772831885
3797.0,72.10890915611884
3798.0,65.7259334900732
3799.0,33.63575543039685
3800.0,41.24198642286376
3801.0,72.5219804582138
3802.0,20.938253127978157
3803.0,35.08490389932862
3804.0,63.32839498201822
3805.0,44.88273915182521
3806.0,77.01866131176178
3807.0,72.31976885960722
3808.0,68.86584642402131
3809.0,78.5316117518234
3810.0,77.89557498875261
3811.0,31.140733947393326
3812.0,63.03092369914681
3813.0,35.222277027957425
3814.0,26.429722341377513
3815.0,71.36748031597294
3816.0,72.49280800626676
3817.0,31.572497947106285
3818.0,44.590138432091095
3819.0,50.15571079143991
3820.0,67.79430948787316
3821.0,43.727241182636604
3822.0,32.727520262955615
3823.0,25.33140553443567
3824.0,59.26444449611214
3825.0,43.70577942854471
3826.0,46.439333106639715
3827.0,67.77727858057457
3828.0,43.583034836853685
3829.0,25.563368558488218
3830.0,56.92528531707043
3831.0,52.76821739279503
3832.0,36.3566748018612
3833.0,21.456529530179242
3834.0,41.006579037217335
3835.0,74.87823939970285
3836.0,55.859935237008216
3837.0,44.06294993390952
3838.0,61.844372174008925
3839.0,33.76526768099567
3840.0,69.33875337352383
3841.0,56.86702748920429
3842.0,43.95906156075279
3843.0,33.08425685984494
3844.0,65.71850946697957
3845.0,47.664240997867836
3846.0,34.83887083552391
3847.0,43.739509910693734
3848.0,36.02068013213118
3849.0,23.236356667351064
3850.0,45.50992205613375
3851.0,36.7186537045464
3852.0,62.67025323866897
3853.0,44.31901617093795
3854.0,42.779250696706136
3855.0,28.50816391719367
3856.0,23.226525561017997
3857.0,65.42514260676217
3858.0,31.603986856656256
3859.0,56.6117331096272
3860.0,43.63285950961246
3861.0,59.11924021818043
3862.0,56.08335972537094
3863.0,31.147286925335614
3864.0,52.56234961087804
3865.0,67.4099623764467
3866.0,26.093149339399
3867.0,71.54185087937697
3868.0,29.228879258629675
3869.0,47.02678084287461
3870.0,71.9974978723865
3871.0,41.96385075888561
3872.0,38.985760631655495
3873.0,58.010290661112734
3874.0,33.84429580778395
3875.0,31.825813480690414
3876.0,26.01249040811746
3877.0,54.778677768238246
3878.0,63.150333286075245
3879.0,46.993229423261354
3880.0,55.06596347699715
3881.0,39.979798631369576
3882.0,51.28627094323035
3883.0,34.90447063145384
3884.0,45.06594771063043
3885.0,87.12456849189829
3886.0,38.64609466473922
3887.0,26.4815223537947
3888.0,35.72187229162774
3889.0,18.498050407228273
3890.0,80.40371743688736
3891.0,74.57434939302071
3892.0,28.479481591850256
3893.0,31.86346137146826
3894.0,33.11874806197828
3895.0,67.13897932683619
3896.0,33.291393928649825
3897.0,26.527160291716754
3898.0,30.6413320263429
3899.0,45.43480184168534
3900.0,25.56861389692635
3901.0,48.12216342801443
3902.0,71.15068769981077
3903.0,65.74697367267136
3904.0,43.619360178508586
3905.0,29.966283179995607
3906.0,76.32561008277125
3907.0,49.571358395557226
3908.0,29.982385428076796
3909.0,63.480860971481164
3910.0,48.99298135072329
3911.0,51.35600192247182
3912.0,24.743582102403785
3913.0,50.7083747639941
3914.0,67.52406105247364
3915.0,60.47768154904628
3916.0,69.39133641962312
3917.0,57.90190490083839
3918.0,47.826798530698106
3919.0,24.102708552388172
3920.0,27.704075552886625
3921.0,27.133575909503858
3922.0,52.304769249474425
3923.0,70.67958940759925
3924.0,70.82103440665045
3925.0,25.24076618580344
3926.0,72.88518328391378
3927.0,69.82663330775807
3928.0,41.84876768845632
3929.0,38.148798264862194
3930.0,52.59614329210767
3931.0,48.6794978606198
3932.0,37.43551513846775
3933.0,36.95024979402375
3934.0,45.21229533528124
3935.0,27.05884705108303
3936.0,35.27382119675348
3937.0,79.35141136305722
3938.0,69.17748853010433
3939.0,33.98693779141651
3940.0,68.85796459915557
3941.0,32.358736528310544
3942.0,67.89909514062397
3943.0,27.28031240325617
3944.0,54.86142017637991
3945.0,53.62716571837081
3946.0,45.89747395765683
3947.0,25.548078242244877
3948.0,43.43985617866333
3949.0,43.165131776858175
3950.0,56.19989930241487
3951.0,48.27352682538416
3952.0,26.290753799240765
3953.0,51.313832154663274
3954.0,26.739489494674316
3955.0,59.46963051894176
3956.0,40.52253640774246
3957.0,71.77105535267955
3958.0,28.7823824284315
3959.0,73.50440663565716
3960.0,47.31487067928344
3961.0,37.94985171719164
3962.0,72.21088825715043
3963.0,34.87579453815699
3964.0,41.07347480283034
3965.0,32.42749964841075
3966.0,58.272650301775776
3967.0,42.26174286208989
3968.0,39.91167072007841
3969.0,54.76488329445859
3970.0,31.623196410457798
3971.0,36.759981988601666
3972.0,63.57840680794491
3973.0,41.72045826666827
3974.0,45.23072225282012
3975.0,75.3131915516826
3976.0,75.03214293878227
3977.0,56.43728787818827
3978.0,70.2029756886897
3979.0,54.92399706715008
3980.0,63.31924548718264
3981.0,61.135564187465
3982.0,42.825006842403695
3983.0,51.75149293320862
3984.0,58.33928897953929
3985.0,48.27554387169538
3986.0,37.14505202039069
3987.0,34.06822703460634
3988.0,45.51060335737212
3989.0,42.905449040631865
3990.0,35.158126309906784
3991.0,34.19208261592641
3992.0,66.46711483524403
3993.0,29.108136276613937
3994.0,59.01035930128697
3995.0,24.266355363168266
3996.0,28.88649406806889
3997.0,31.49604181732589
3998.0,42.93120754914298
3999.0,44.220829194841315
4000.0,59.94199587507801
4001.0,41.46956878732831
4002.0,34.272005585268055
4003.0,67.55008101702369
4004.0,52.06390355085689
4005.0,29.621553745685247
4006.0,22.64616863066238
4007.0,29.916915938063603
4008.0,41.068219240825876
4009.0,64.21291408921526
4010.0,33.6544516706941
4011.0,69.67979790453252
4012.0,25.851967577246985
4013.0,34.824184895307354
4014.0,33.22923198383618
4015.0,48.10323027419242
4016.0,53.673979831290154
4017.0,43.64903010845056
4018.0,27.825883378975924
4019.0,72.39560266614015
4020.0,31.98141893219925
4021.0,55.66963658009269
4022.0,21.53328027485064
4023.0,32.931899905082076
4024.0,61.03407192340852
4025.0,26.955506038568647
4026.0,62.789227064793636
4027.0,68.37997108362408
4028.0,27.999810452284738
4029.0,67.59620648642262
4030.0,28.42904698692499
4031.0,32.43318938136794
4032.0,42.45425694867828
4033.0,40.355911454286804
4034.0,30.710155547287638
4035.0,49.66604108174757
4036.0,45.58655336583032
4037.0,29.69865473645433
4038.0,65.22663450317268
4039.0,70.72793464164288
4040.0,41.275041534052974
4041.0,61.1259554892944
4042.0,45.761976756758585
4043.0,63.86740706636028
4044.0,50.023385657338615
4045.0,73.13552417274364
4046.0,64.40593554263751
4047.0,47.33646112284044
4048.0,71.60828326020295
4049.0,72.09515829265595
4050.0,69.50454572619125
4051.0,33.11211299935547
4052.0,63.537208335641104
4053.0,29.97811430590405
4054.0,69.1472961597055
4055.0,43.382132063903164
4056.0,35.71296619529871
4057.0,41.7429171351791
4058.0,26.88062738509238
4059.0,59.73942874923598
4060.0,66.62900826052389
4061.0,43.96248535268245
4062.0,70.55390916601363
4063.0,65.98423890611097
4064.0,24.14680588493266
4065.0,53.56841843675947
4066.0,66.37052907917558
4067.0,33.241360311493565
4068.0,34.99650040947314
4069.0,25.233619184420327
4070.0,30.860886047021964
4071.0,40.55708720217052
4072.0,26.92865768201977
4073.0,42.329311276612074
4074.0,34.33242777850832
4075.0,49.488793546606374
4076.0,28.26358168466045
4077.0,31.98307373458328
4078.0,44.99491085223423
4079.0,37.52340955925623
4080.0,27.795290742153508
4081.0,30.599070203444338
4082.0,72.19663193560487
4083.0,42.72475043457478
4084.0,34.83597691994481
4085.0,68.8966642662879
4086.0,61.24011610463835
4087.0,28.868109070103024
4088.0,55.10016331578422
4089.0,62.335764532475636
4090.0,34.92543838130809
4091.0,65.04902412190586
4092.0,36.04532629087767
4093.0,22.89851997540206
4094.0,53.540364188094685
4095.0,35.81378138599484
4096.0,49.69771845315131
4097.0,36.18949725867118
4098.0,68.9961473914946
4099.0,71.26962202112476
4100.0,64.25710703133043
4101.0,75.22596837154133
4102.0,56.832521766214484
4103.0,29.158382135004555
4104.0,59.52772394928997
4105.0,64.76194239571475
4106.0,70.21118057733801
4107.0,69.49393831878012
4108.0,37.10977129455441
4109.0,61.54200614257711
4110.0,39.35688872559173
4111.0,40.42862779792601
4112.0,47.42517147842314
4113.0,34.85527228379938
4114.0,71.43372268885572
4115.0,35.90590633970471
4116.0,51.18615672470744
4117.0,43.26376752951677
4118.0,27.152437819636198
4119.0,38.21479644054711
4120.0,70.58347708506389
4121.0,26.14381624423638
4122.0,55.554406238632
4123.0,40.344482134438294
4124.0,52.4530473581597
4125.0,40.25849131677106
4126.0,40.37130775066869
4127.0,49.325388462158045
4128.0,40.3438688083169
4129.0,40.74318100710678
4130.0,67.65572600185376
4131.0,68.99336333142901
4132.0,33.697336006874615
4133.0,49.39072766402586
4134.0,56.96355698283432
4135.0,23.461475989691348
4136.0,39.99632591776248
4137.0,70.56658983878773
4138.0,32.883227047695016
4139.0,86.3538208389083
4140.0,44.06799013327709
4141.0,71.83038285887464
4142.0,24.029672006001586
4143.0,58.219266629210246
4144.0,25.915017453118114
4145.0,44.403190223046956
4146.0,42.90426848859466
4147.0,38.466097976902915
4148.0,63.79156255956014
4149.0,58.050358260742776
4150.0,51.27835698907428
4151.0,38.79083435620418
4152.0,34.84282605046634
4153.0,23.66759975631958
4154.0,37.14695162430136
4155.0,53.67649260242358
4156.0,56.913530562850426
4157.0,72.20817261863499
4158.0,61.59896051777347
4159.0,68.54479016958369
4160.0,51.32058593786362
4161.0,46.37779720711114
4162.0,43.39620673220935
4163.0,65.46807217351774
4164.0,70.49336310269805
4165.0,25.639840827250502
4166.0,22.173569157940875
4167.0,61.53088098758838
4168.0,34.59276597434623
4169.0,41.17610112547471
4170.0,41.61940890703853
4171.0,25.64712074167452
4172.0,41.88382203496273
4173.0,49.73979990313969
4174.0,35.626414976194894
4175.0,70.68077509031167
4176.0,51.38315437372006
4177.0,64.6656626359412
4178.0,43.76850132423983
4179.0,63.95073021836245
4180.0,46.73869589690315
4181.0,48.94746850579955
4182.0,80.32048074762105
4183.0,47.8620287746215
4184.0,22.57109840920962
4185.0,17.99577862282897
4186.0,22.67262834767506
4187.0,60.09725565378714
4188.0,30.517436660156438
4189.0,73.33403031743207
4190.0,74.0215320988565
4191.0,37.38334241723594
4192.0,51.62016074334206
4193.0,40.74904478347233
4194.0,48.31060675544745
4195.0,71.14063893602872
4196.0,65.60943258763008
4197.0,58.78115995519044
4198.0,49.53501603707075
4199.0,67.67061349664726
4200.0,26.521164098041716
4201.0,80.1848335597137
4202.0,55.304977519324375
4203.0,69.66155093513153
4204.0,32.99493342404351
4205.0,25.60433492010341
4206.0,68.2019292353185
4207.0,31.032422616937573
4208.0,81.17606898681927
4209.0,48.51082001432931
4210.0,49.743655775980365
4211.0,49.99420440186836
4212.0,73.77168551916836
4213.0,48.53269272731499
4214.0,41.51312239194737
4215.0,52.224499524685235
4216.0,68.72134352102604
4217.0,27.829136832425963
4218.0,73.46492144720354
4219.0,31.450070478234128
4220.0,46.029719126082604
4221.0,31.68314314611461
4222.0,70.22787439033327
4223.0,74.13154216454136
4224.0,37.38720820948335
4225.0,32.63427049181919
4226.0,42.13158488012953
4227.0,36.97063746019701
4228.0,33.27736719496229
4229.0,69.93323821779352
4230.0,23.97501252351978
4231.0,35.79190743168194
4232.0,26.163114007819622
4233.0,67.67994581342067
4234.0,70.03157498642564
4235.0,53.99964589416931
4236.0,50.593926493767036
4237.0,39.382372136340294
4238.0,73.1455093622558
4239.0,73.38244148387687
4240.0,66.97693405061139
4241.0,86.01786644781
4242.0,86.01296943445035
4243.0,39.09870668375145
4244.0,38.2923060910625
4245.0,58.41817084572433
4246.0,49.643344082154165
4247.0,32.595098628155284
4248.0,34.5305088343762
4249.0,64.60410392227615
4250.0,37.21856256228196
4251.0,27.9279640140083
4252.0,25.72941121884388
4253.0,32.486590805750275
4254.0,63.96574228937809
4255.0,62.56039028268451
4256.0,21.14460284656773
4257.0,67.81296405102685
4258.0,62.22258511064332
4259.0,76.38889854497525
4260.0,71.39855954376067
4261.0,40.123437033356
4262.0,28.42140549270845
4263.0,77.24893518106376
4264.0,58.55541323095034
4265.0,37.14997408105324
4266.0,36.201889294295626
4267.0,50.079860441281745
4268.0,39.24425772836555
4269.0,36.64799443582878
4270.0,77.52222163012169
4271.0,45.539459819017104
4272.0,70.1295357044884
4273.0,44.80092423357146
4274.0,48.98410808004387
4275.0,51.67974969123284
4276.0,69.66688982851632
4277.0,28.685824042103366
4278.0,55.43593587321539
4279.0,35.113984337147635
4280.0,67.45685748188852
4281.0,67.90767477629653
4282.0,32.8083037153283
4283.0,26.580660158341367
4284.0,69.20167140832677
4285.0,35.311366782652385
4286.0,29.32659719727397
4287.0,38.877079983857314
4288.0,39.54378997387338
4289.0,36.878505766642775
4290.0,54.16082881998389
4291.0,44.09487408861048
4292.0,41.88657056044863
4293.0,64.7680332815883
4294.0,33.153579627459855
4295.0,49.17610889500177
4296.0,71.33602428469811
4297.0,43.983307862635165
4298.0,31.25968619221315
4299.0,25.18551300818555
4300.0,51.71526472969293
4301.0,64.19981998060891
4302.0,50.16986479211008
4303.0,27.423602138256808
4304.0,28.14441803944595
4305.0,56.059680723756834
4306.0,30.96417802158486
4307.0,71.84175499806412
4308.0,34.22751943165905
4309.0,76.22182064575118
4310.0,34.72205129966636
4311.0,30.861990509367104
4312.0,57.17027271770204
4313.0,42.213124385047934
4314.0,23.743935331107828
4315.0,59.6556207339889
4316.0,28.0004820248893
4317.0,60.16596560120944
4318.0,57.2822728628343
4319.0,42.04674019298314
4320.0,49.32037843835881
4321.0,57.903498184708646
4322.0,29.740181619757294
4323.0,68.49661939736148
4324.0,69.83334003304402
4325.0,35.771721880657644
4326.0,20.990958540788426
4327.0,40.41226761040526
4328.0,31.247413887963393
4329.0,67.45804118883318
4330.0,62.35936040417796
4331.0,31.45179265401965
4332.0,38.875401255758085
4333.0,40.06376985648921
4334.0,26.937073089947337
4335.0,69.78204154119152
4336.0,34.33808732583045
4337.0,31.05082177996281
4338.0,21.925763754163057
4339.0,44.15776697339764
4340.0,64.86482128183796
4341.0,23.54595695131724
4342.0,27.942077925207478
4343.0,32.94432377845889
4344.0,60.09612070051785
4345.0,25.73737788360944
4346.0,72.65155617025388
4347.0,29.63781308716028
4348.0,48.24662493344378
4349.0,69.39540432690242
4350.0,47.87312585121452
4351.0,70.02203592086344
4352.0,55.31175442969369
4353.0,37.755318194507275
4354.0,36.45425140378143
4355.0,40.29417776632716
4356.0,70.4625750502726
4357.0,44.942015567137176
4358.0,33.39928017500237
4359.0,57.65995770035894
4360.0,40.589733487622325
4361.0,29.092156628986732
4362.0,28.437421130759265
4363.0,78.43519962288251
4364.0,25.159924629516727
4365.0,40.93003174191074
4366.0,35.16108993189884
4367.0,76.50819222498139
4368.0,56.61949556216696
4369.0,65.19793422846058
4370.0,40.98775347590082
4371.0,39.72907322597314
4372.0,38.323203385709085
4373.0,59.073634470995785
4374.0,33.72800223370895
4375.0,42.13532284549306
4376.0,56.19361488293242
4377.0,40.34645260260097
4378.0,64.56282714190925
4379.0,74.70031068342514
4380.0,34.991559347032904
4381.0,39.47506659748792
4382.0,47.223362062620765
4383.0,54.97629656980608
4384.0,43.804013562189695
4385.0,43.70308513585217
4386.0,54.1369580280851
4387.0,62.860331310376445
4388.0,29.730761676751264
4389.0,74.46194971588922
4390.0,39.168622407358264
4391.0,73.63804422859073
4392.0,39.58300021305598
4393.0,47.42176996544165
4394.0,72.45681764428578
4395.0,18.87755767562605
4396.0,33.37818081820204
4397.0,51.614517444966
4398.0,71.53886247932586
4399.0,73.26392195925173
4400.0,36.0435739268154
4401.0,66.27976923670202
4402.0,32.638628121652445
4403.0,60.93896912336768
4404.0,42.41090416406042
4405.0,64.32002183276204
4406.0,38.422063129455395
4407.0,72.64343418376251
4408.0,35.13179122685027
4409.0,41.61868725593033
4410.0,61.343767245461976
4411.0,23.256939879879685
4412.0,35.32831934902166
4413.0,64.98854913115277
4414.0,54.36353570635255
4415.0,56.14685941180829
4416.0,70.47643287704925
4417.0,37.87730330021152
4418.0,50.46401091878777
4419.0,27.314959727368507
4420.0,37.74202263598016
4421.0,28.697986331586705
4422.0,70.62381061600698
4423.0,36.99474525133975
4424.0,52.47192592497509
4425.0,41.74241511929172
4426.0,49.3199733130592
4427.0,26.767309187799142
4428.0,56.191519131004156
4429.0,58.95349561309029
4430.0,50.50036108180005
4431.0,35.97185244226193
4432.0,39.97439120979485
4433.0,49.29373826496474
4434.0,62.120637045419414
4435.0,23.565117534044248
4436.0,34.54434201460076
4437.0,73.20767652766712
4438.0,24.405815594961563
4439.0,39.714356091924955
4440.0,32.387279178449624
4441.0,29.86853320068152
4442.0,76.39150973398753
4443.0,63.873226164870545
4444.0,49.08464862205987
4445.0,29.155066492004114
4446.0,48.2740683891409
4447.0,66.46870117601266
4448.0,42.63296629915095
4449.0,32.02547136602447
4450.0,40.49123037876993
4451.0,42.61751290389833
4452.0,67.17424626999207
4453.0,48.50481336177614
4454.0,84.27280804748041
4455.0,51.16509940166437
4456.0,63.513640034093605
4457.0,28.63641873195373
4458.0,44.56793685111863
4459.0,38.6241808737553
4460.0,72.95421658424635
4461.0,68.98700306273227
4462.0,29.927280051181285
4463.0,77.18477399917987
4464.0,71.48541303731677
4465.0,42.10444087511283
4466.0,35.2800942652094
4467.0,26.912916372461144
4468.0,58.17360189843064
4469.0,80.01822794768532
4470.0,23.221290840750083
4471.0,61.22589526882091
4472.0,37.126264688404945
4473.0,22.97804911593884
4474.0,31.816328820482138
4475.0,54.059579416857844
4476.0,35.5412211758261
4477.0,39.51644105124477
4478.0,53.669080047349084
4479.0,36.18470655623477
4480.0,25.732243340754973
4481.0,49.064868908168094
4482.0,46.476757857465344
4483.0,65.92674968888146
4484.0,38.37755515687351
4485.0,29.587454279290238
4486.0,23.919065180159507
4487.0,75.71975053563722
4488.0,70.44236792054373
4489.0,35.827676477976865
4490.0,19.977499568977528
4491.0,51.06093551898424
4492.0,27.50812682917768
4493.0,51.701253409132285
4494.0,18.00121449058375
4495.0,55.02858926930842
4496.0,30.788357628715207
4497.0,46.64971247083204
4498.0,30.753093712397394
4499.0,56.73678062327564
4500.0,22.334941290589644
4501.0,30.455790806747956
4502.0,70.28387887386307
4503.0,59.09009780871382
4504.0,70.26716213711043
4505.0,27.46040179619197
4506.0,57.773396407441226
4507.0,47.66704564360879
4508.0,37.06386283747656
4509.0,79.85635731451197
4510.0,39.878603715354245
4511.0,49.55987981310922
4512.0,36.14375953148659
4513.0,50.0163892993086
4514.0,49.44902226663761
4515.0,49.97425537537312
4516.0,65.12859764592409
4517.0,38.96857288514604
4518.0,19.498557711697053
4519.0,29.855160495882057
4520.0,31.44469571082358
4521.0,44.545638369203914
4522.0,41.2393634262194
4523.0,34.13604868553109
4524.0,49.74031992434558
4525.0,28.041995973467678
4526.0,37.65067288489694
4527.0,30.196571691305365
4528.0,30.87565009027933
4529.0,67.03787643716447
4530.0,49.54238897891685
4531.0,51.47778642463671
4532.0,72.4144173686601
4533.0,29.493493730953478
4534.0,36.119467573750946
4535.0,34.76349113976687
4536.0,59.50787481926915
4537.0,65.38793812092995
4538.0,27.594113858922572
4539.0,30.38032433729192
4540.0,67.98081798843569
4541.0,62.90060293417029
4542.0,24.53719173904669
4543.0,24.97841034576071
4544.0,23.222000261102544
4545.0,67.44755173134016
4546.0,80.07033959838056
4547.0,60.04341296777308
4548.0,75.01122474794576
4549.0,74.73496180073525
4550.0,49.52712137845784
4551.0,50.44269662276495
4552.0,35.26971262107956
4553.0,31.67804051999053
4554.0,49.53843844598263
4555.0,43.17128617668213
4556.0,72.69923738763823
4557.0,46.29985795304149
4558.0,32.210089481327735
4559.0,52.048878915818754
4560.0,29.166388728121035
4561.0,31.27877930987702
4562.0,64.24609004676172
4563.0,39.56436321006508
4564.0,31.14179124227158
4565.0,56.3489672523328
4566.0,33.02814797111719
4567.0,51.460622284246625
4568.0,54.18615759271594
4569.0,53.73739839222137
4570.0,28.72163077196808
4571.0,36.88070967641645
4572.0,29.394507698200982
4573.0,70.09003500958248
4574.0,26.129494180224135
4575.0,27.4440870265712
4576.0,42.79884164175973
4577.0,53.823619010121256
4578.0,74.02759895600721
4579.0,30.175707448782866
4580.0,38.5560883863006
4581.0,52.11540876654806
4582.0,45.821191149936055
4583.0,80.26376065038092
4584.0,34.35481938393418
4585.0,56.899466239643836
4586.0,25.168236483823605
4587.0,38.79998013593676
4588.0,55.846773651279214
4589.0,64.61343736999278
4590.0,71.15733304897536
4591.0,37.006165800770916
4592.0,62.295407932175
4593.0,67.59053739079782
4594.0,25.52755911441558
4595.0,28.165489055828505
4596.0,58.03911199704681
4597.0,25.1164971673928
4598.0,39.90089393266894
4599.0,36.19626858563771
4600.0,69.96200872774797
4601.0,32.76792663386895
4602.0,37.69451108236832
4603.0,54.61392786042059
4604.0,58.34239150381615
4605.0,76.42543538668183
4606.0,47.31900543230105
4607.0,39.63110410852179
4608.0,40.19851946332464
4609.0,54.184633920890946
4610.0,37.36256701807105
4611.0,26.953617875288735
4612.0,44.4794854819037
4613.0,34.91484360330453
4614.0,34.831391884021905
4615.0,33.27767057765083
4616.0,67.77328988513283
4617.0,35.523065256097176
4618.0,87.55552561800411
4619.0,41.69645756683075
4620.0,39.30070462962529
4621.0,34.61893027046437
4622.0,47.827436873065416
4623.0,22.251995327292537
4624.0,43.325411464654
4625.0,70.14133131689168
4626.0,65.60503365864552
4627.0,74.43994650139877
4628.0,68.72780390806327
4629.0,33.542852385905746
4630.0,71.42279044773488
4631.0,74.41178006183505
4632.0,47.75169827925857
4633.0,26.457707488412247
4634.0,66.35032571189767
4635.0,44.90380875498382
4636.0,35.90565100316625
4637.0,37.66436887571193
4638.0,65.07787689542607
4639.0,64.49606452319952
4640.0,34.94939058884764
4641.0,68.88351109789973
4642.0,33.24745905979101
4643.0,71.41013131771187
4644.0,39.13372889250635
4645.0,31.0004302450384
4646.0,74.84255647558722
4647.0,70.94309644233003
4648.0,32.99677521863073
4649.0,38.634214822310405
4650.0,44.253851109927645
4651.0,40.95385470374611
4652.0,40.10893607568691
4653.0,69.48432579313646
4654.0,79.08008129779081
4655.0,43.23455543946656
4656.0,30.473431493026105
4657.0,35.504925007531085
4658.0,22.670340878391848
4659.0,58.9504727797287
4660.0,24.487346123841657
4661.0,38.58336083285802
4662.0,57.81348125556744
4663.0,56.99378367733489
4664.0,74.66100719937954
4665.0,32.91288747933434
4666.0,75.40645520049732
4667.0,22.559781813526893
4668.0,16.88143684995018
4669.0,44.32523377348542
4670.0,42.89405492781269
4671.0,58.01474341972997
4672.0,40.96436428950976
4673.0,36.32775675197726
4674.0,58.49058871787598
4675.0,52.46342959165437
4676.0,30.75307443754846
4677.0,74.28714542217263
4678.0,34.319678137671666
4679.0,52.35083579506018
4680.0,65.66910409380021
4681.0,29.40032021223836
4682.0,70.20552330456383
4683.0,43.05349530966524
4684.0,62.12863381521939
4685.0,39.41519436041668
4686.0,67.47707964934546
4687.0,70.35137112975416
4688.0,44.6773907107375
4689.0,62.91718870376456
4690.0,27.508637712548154
4691.0,70.40568601026325
4692.0,46.851416074369425
4693.0,27.020064081955738
4694.0,71.54343429632094
4695.0,72.51531057229948
4696.0,59.35676358393616
4697.0,31.616080873541673
4698.0,49.16442579367676
4699.0,61.91918735177512
4700.0,70.915467426005
4701.0,33.33534111281827
4702.0,40.185085819287025
4703.0,32.80470108416286
4704.0,26.06027395248988
4705.0,45.92792775964528
4706.0,35.6250407187978
4707.0,60.09858519212987
4708.0,25.26413010599217
4709.0,34.9674520130205
4710.0,31.829646819489312
4711.0,30.826381454777323
4712.0,57.31742218836057
4713.0,38.19340147085193
4714.0,46.42799967916802
4715.0,72.56529549720463
4716.0,35.580293652431834
4717.0,70.7654326309963
4718.0,37.232377651587825
4719.0,31.97488060988871
4720.0,67.0658450031926
4721.0,34.824932039651756
4722.0,36.23974370887034
4723.0,29.873084597550168
4724.0,39.73423735842594
4725.0,31.32105752647695
4726.0,35.43976031284685
4727.0,62.170309875447494
4728.0,73.40183744392107
4729.0,64.54313573495229
4730.0,73.34217231354701
4731.0,54.972774829908666
4732.0,37.101691854875
4733.0,42.54054635038553
4734.0,45.64059616370938
4735.0,28.699908487667077
4736.0,33.09300337241679
4737.0,66.64607261391971
4738.0,26.47335350663229
4739.0,77.84206304788331
4740.0,73.87251765085423
4741.0,26.862906398341096
4742.0,34.5549201596391
4743.0,67.83784343651438
4744.0,51.46998980436659
4745.0,58.30003014788621
4746.0,50.10063251876948
4747.0,65.50356441306032
4748.0,44.69126985242191
4749.0,68.0882096138255
4750.0,33.0972345899525
4751.0,39.718339687173284
4752.0,40.07501958522675
4753.0,72.73764340245351
4754.0,85.21533685993293
4755.0,34.00480714978614
4756.0,53.527092810117736
4757.0,39.290278938910845
4758.0,70.52574112240853
4759.0,31.541181025360192
4760.0,45.74017571524753
4761.0,68.45463191237714
4762.0,37.81110398121269
4763.0,68.32475393298073
4764.0,40.95423408871463
4765.0,19.828663929955983
4766.0,30.567630123360093
4767.0,35.5978801346937
4768.0,35.089407878637324
4769.0,33.14053603762618
4770.0,34.5354400836533
4771.0,36.83124544986191
4772.0,46.37800665297916
4773.0,71.67488173997744
4774.0,48.18399639738264
4775.0,58.27119845967106
4776.0,63.19636169545954
4777.0,33.06417971050823
4778.0,36.90422622824529
4779.0,58.07843836435233
4780.0,44.02188984193723
4781.0,60.94952685852662
4782.0,31.971261296940813
4783.0,36.48802665756454
4784.0,36.91061968253221
4785.0,40.122128716342445
4786.0,36.40902366127029
4787.0,69.44258008237674
4788.0,64.42143533398854
4789.0,75.88187017408296
4790.0,29.250803660147234
4791.0,65.14581715248754
4792.0,59.85311808328844
4793.0,28.64378146682385
4794.0,26.987756809509367
4795.0,33.24575393759848
4796.0,43.25761091696898
4797.0,23.324335555467172
4798.0,36.89248909123869
4799.0,50.66319793957651
4800.0,65.20605873522518
4801.0,25.720490774223244
4802.0,22.647222257147654
4803.0,30.73172681966441
4804.0,38.104749340363135
4805.0,32.40263331969163
4806.0,29.752425751258716
4807.0,72.32028480568371
4808.0,32.896479107242804
4809.0,82.79788461369553
4810.0,56.302939436863845
4811.0,66.02904569619653
4812.0,22.38538673204657
4813.0,27.721047367129447
4814.0,58.60888541458106
4815.0,51.605778488013584
4816.0,50.89020686205684
4817.0,58.19853971846495
4818.0,36.212851591253205
4819.0,86.43378326084245
4820.0,30.128476226189463
4821.0,35.45775867823618
4822.0,50.17484657333318
4823.0,54.69126326443677
4824.0,39.29542932295326
4825.0,27.513906482316482
4826.0,50.76874978257331
4827.0,27.44676828492918
4828.0,63.231492104008204
4829.0,27.925434012567752
4830.0,67.3381217606634
4831.0,54.346832812639306
4832.0,68.90475263114274
4833.0,30.760822979318228
4834.0,22.970194851802027
4835.0,28.923962743097213
4836.0,28.36346038273367
4837.0,24.655361626685398
4838.0,56.87900750770123
4839.0,82.6474134353647
4840.0,43.119908764224284
4841.0,59.73514047490224
4842.0,29.093361776295783
4843.0,36.74065334532517
4844.0,41.0113843237187
4845.0,25.608025162125816
4846.0,51.613390988125325
4847.0,74.81897857607613
4848.0,70.97380214272181
4849.0,32.15559488390419
4850.0,22.464362415388
4851.0,37.47017649668957
4852.0,56.45334416737051
4853.0,25.214309970324614
4854.0,34.26852031908628
4855.0,47.20852067864116
4856.0,70.58822562544697
4857.0,40.34517297350556
4858.0,41.76228380431239
4859.0,37.05937313207512
4860.0,42.902926829523174
4861.0,37.87378924700777
4862.0,32.20696662660848
4863.0,28.779606083826668
4864.0,65.54765158049341
4865.0,36.729541910083306
4866.0,72.54715530107148
4867.0,40.20609660946476
4868.0,40.45638648207004
4869.0,48.883031198628835
4870.0,36.19591477530768
4871.0,73.8857797426467
4872.0,61.89921965411915
4873.0,38.12192328858389
4874.0,32.27275600734597
4875.0,57.42956094385255
4876.0,62.35184834230879
4877.0,36.32347935081399
4878.0,79.81034684723667
4879.0,74.63780594964308
4880.0,36.734956671967026
4881.0,52.116607885534755
4882.0,41.596447857429325
4883.0,31.79140184424252
4884.0,37.497618433811596
4885.0,64.17542923515659
4886.0,75.31678524292673
4887.0,44.46925696568267
4888.0,44.59347420695271
4889.0,33.06782826680266
4890.0,43.26061683367151
4891.0,47.98819414169715
4892.0,25.13740384550279
4893.0,70.95063200487257
4894.0,40.020129004291285
4895.0,34.30695136719309
4896.0,42.043921154030976
4897.0,59.7497048725335
4898.0,45.50498104807279
4899.0,72.22054672618073
4900.0,40.25897055072487
4901.0,68.88655469982629
4902.0,49.36133555919784
4903.0,66.6180841359427
4904.0,50.96794845300942
4905.0,60.53905348378799
4906.0,67.50909004939145
4907.0,39.68749603168125
4908.0,26.58546911001519
4909.0,73.59883873490952
4910.0,44.705454341070066
4911.0,21.64398592292818
4912.0,31.893850692438615
4913.0,72.55565776850193
4914.0,24.644809033601312
4915.0,39.81413469172594
4916.0,46.889806468537714
4917.0,46.52721670482901
4918.0,30.503218104595856
4919.0,69.32939861619151
4920.0,20.246753397829675
4921.0,40.89763827122332
4922.0,31.714500428877567
4923.0,51.97335390696479
4924.0,36.70622393429079
4925.0,45.48709353239656
4926.0,67.8029542708852
4927.0,38.18180547660898
4928.0,72.0222729766327
4929.0,80.98554359206295
4930.0,27.19360354381788
4931.0,45.11507879452421
4932.0,43.67502601726856
4933.0,59.85849825150399
4934.0,31.94749319759269
4935.0,34.73604886497472
4936.0,58.80239220777318
4937.0,28.72335035251728
4938.0,76.38255754593405
4939.0,36.37559177944425
4940.0,44.45431576098763
4941.0,61.09611760654001
4942.0,43.07338269547765
4943.0,59.14029832092773
4944.0,24.392169802473607
4945.0,74.94163997154426
4946.0,29.25984780648698
4947.0,43.668140392569114
4948.0,22.684556323867472
4949.0,38.92635712541195
4950.0,37.20351854067079
4951.0,20.75746034982052
4952.0,44.007386537703155
4953.0,61.07426998165946
4954.0,41.07416879183846
4955.0,65.56174212775795
4956.0,40.829564898938756
4957.0,28.98935718278385
4958.0,59.17311924731987
4959.0,40.023542261240095
4960.0,39.47688263050274
4961.0,28.502300468326787
4962.0,63.82497748128059
4963.0,43.51229184353939
4964.0,45.83450808737607
4965.0,70.67452318093409
4966.0,35.30579947091083
4967.0,42.94678921206844
4968.0,76.65514065452895
4969.0,71.33442063409808
4970.0,70.99454280241918
4971.0,55.584473354089184
4972.0,42.44712885752435
4973.0,23.381865310500665
4974.0,70.06048104604776
4975.0,30.083876603861977
4976.0,41.59469187540316
4977.0,29.16370489893605
4978.0,49.4796532706357
4979.0,44.901254669656225
4980.0,71.96467602489012
4981.0,33.161383274220626
4982.0,33.20113195650415
4983.0,42.15217489384271
4984.0,38.30944112961959
4985.0,58.320124380686224
4986.0,70.7858931136996
4987.0,21.715193050730853
4988.0,49.456696592608374
4989.0,44.3679347814988
4990.0,64.37020993331703
4991.0,61.88087741372103
4992.0,38.25930872270334
4993.0,28.04185769670025
4994.0,44.88462767769855
4995.0,31.923401678408936
4996.0,54.74725744997921
4997.0,60.714491601128366
4998.0,41.93992801162618
4999.0,51.0821645895504
